,Round,Wk,Day,Date,Time,Home,xG,Score,xG.1,Away,Attendance,Venue,Referee,Match Report,Notes
0,Regular season,1.0,Fri,2020-08-21,19:00,Bordeaux,0.5,0–0,0.2,Nantes,,Stade Matmut-Atlantique,Benoît Bastien,Match Report,
1,Regular season,1.0,Sat,2020-08-22,17:00,Dijon,0.9,0–1,1.5,Angers,,Stade Gaston Gérard,Eric Wattellier,Match Report,
2,Regular season,1.0,Sat,2020-08-22,21:00,Lille,0.4,1–1,1.6,Rennes,3975.0,Stade Pierre-Mauroy,Clément Turpin,Match Report,
3,Regular season,1.0,Sun,2020-08-23,13:00,Monaco,1.8,2–2,1.7,Reims,,Stade Louis II.,François Letexier,Match Report,
4,Regular season,1.0,Sun,2020-08-23,15:00,Nîmes,1.7,4–0,0.8,Brest,,Stade des Costières,Jérémie Pignard,Match Report,
5,Regular season,1.0,Sun,2020-08-23,15:00,Lorient,2.9,3–1,0.3,Strasbourg,,Stade Yves Allainmat - Le Moustoir,Johan Hamel,Match Report,
6,Regular season,1.0,Sun,2020-08-23,17:00,Nice,0.2,2–1,3.1,Lens,,Stade de Nice,Jérôme Miguelgorry,Match Report,
7,,,,,,,,,,,,,,,
8,Regular season,2.0,Fri,2020-08-28,21:00,Lyon,4.6,4–1,0.2,Dijon,,Groupama Stadium,Benoît Millot,Match Report,
9,Regular season,2.0,Sat,2020-08-29,17:00,Rennes,1.4,2–1,0.6,Montpellier,,Roazhon Park,Willy Delajod,Match Report,
10,Regular season,2.0,Sat,2020-08-29,21:00,Strasbourg,0.3,0–2,1.3,Nice,,Stade de la Meinau,Jérôme Brisard,Match Report,
11,Regular season,2.0,Sun,2020-08-30,13:00,Reims,0.3,0–1,1.2,Lille,,Stade Auguste-Delaune II,Stéphanie Frappart,Match Report,
12,Regular season,2.0,Sun,2020-08-30,15:00,Metz,0.7,0–1,0.2,Monaco,4463.0,Stade Saint-Symphorien,Jeremy Stinat,Match Report,
13,Regular season,2.0,Sun,2020-08-30,15:00,Saint-Étienne,1.4,2–0,0.3,Lorient,,Stade Geoffroy-Guichard,Florent Batta,Match Report,
14,Regular season,2.0,Sun,2020-08-30,15:00,Nantes,1.8,2–1,1.2,Nîmes,,Stade de la Beaujoire - Louis Fonteneau,Hakim Ben El Hadj Salem,Match Report,
15,Regular season,2.0,Sun,2020-08-30,15:00,Angers,0.8,0–2,2.0,Bordeaux,,Stade Raymond Kopa,Karim Abed,Match Report,
16,Regular season,2.0,Sun,2020-08-30,21:00,Brest,2.6,2–3,1.0,Marseille,,Stade Francis-Le Blé,Amaury Delerue,Match Report,
17,Regular season,2.0,Thu,2020-09-10,21:00,Lens,1.5,1–0,0.4,Paris S-G,,Stade Bollaert-Delelis,Hakim Ben El Hadj Salem,Match Report,
18,,,,,,,,,,,,,,,
19,Regular season,3.0,Fri,2020-09-11,21:00,Bordeaux,0.3,0–0,2.0,Lyon,,Stade Matmut-Atlantique,Ruddy Buquet,Match Report,
20,Regular season,3.0,Sat,2020-09-12,17:00,Montpellier,1.7,3–1,0.7,Nice,,Stade de la Mosson,Antony Gautier,Match Report,
21,Regular season,3.0,Sat,2020-09-12,21:00,Saint-Étienne,2.0,2–0,1.4,Strasbourg,,Stade Geoffroy-Guichard,Eric Wattellier,Match Report,
22,Regular season,3.0,Sun,2020-09-13,13:00,Lille,1.5,1–0,0.8,Metz,,Stade Pierre-Mauroy,Jérémie Pignard,Match Report,
23,Regular season,3.0,Sun,2020-09-13,15:00,Lorient,1.0,2–3,2.0,Lens,,Stade Yves Allainmat - Le Moustoir,Aurélien Petit,Match Report,
24,Regular season,3.0,Sun,2020-09-13,15:00,Angers,2.0,1–0,0.4,Reims,,Stade Raymond Kopa,Benoît Bastien,Match Report,
25,Regular season,3.0,Sun,2020-09-13,15:00,Nîmes,1.3,2–4,2.1,Rennes,,Stade des Costières,Mikael Lesage,Match Report,
26,Regular season,3.0,Sun,2020-09-13,15:00,Dijon,0.3,0–2,1.9,Brest,,Stade Gaston Gérard,Bastien Dechepy,Match Report,
27,Regular season,3.0,Sun,2020-09-13,17:00,Monaco,2.3,2–1,1.2,Nantes,,Stade Louis II.,Clément Turpin,Match Report,
28,Regular season,3.0,Sun,2020-09-13,21:00,Paris S-G,2.4,0–1,0.8,Marseille,,Parc des Princes,Jérôme Brisard,Match Report,
29,,,,,,,,,,,,,,,
30,Regular season,1.0,Tue,2020-09-15,21:00,Montpellier,1.8,2–1,2.3,Lyon,,Stade de la Mosson,François Letexier,Match Report,
31,Regular season,1.0,Wed,2020-09-16,21:00,Paris S-G,2.2,1–0,0.9,Metz,,Parc des Princes,Mikael Lesage,Match Report,
32,Regular season,1.0,Thu,2020-09-17,21:00,Marseille,2.2,0–2,1.3,Saint-Étienne,,Orange Vélodrome,Ruddy Buquet,Match Report,
33,,,,,,,,,,,,,,,
34,Regular season,4.0,Fri,2020-09-18,21:00,Lyon,1.4,0–0,0.7,Nîmes,4385.0,Groupama Stadium,Amaury Delerue,Match Report,
35,Regular season,4.0,Sat,2020-09-19,17:00,Lens,3.1,2–1,0.4,Bordeaux,,Stade Bollaert-Delelis,Benoît Millot,Match Report,
36,Regular season,4.0,Sat,2020-09-19,21:00,Rennes,1.0,2–1,0.9,Monaco,,Roazhon Park,Jérôme Miguelgorry,Match Report,
37,Regular season,4.0,Sun,2020-09-20,13:00,Nice,1.0,0–3,3.3,Paris S-G,,Stade de Nice,Benoît Bastien,Match Report,
38,Regular season,4.0,Sun,2020-09-20,15:00,Montpellier,1.6,4–1,1.1,Angers,,Stade de la Mosson,Stéphanie Frappart,Match Report,
39,Regular season,4.0,Sun,2020-09-20,15:00,Strasbourg,2.7,1–0,0.6,Dijon,,Stade de la Meinau,Florent Batta,Match Report,
40,Regular season,4.0,Sun,2020-09-20,15:00,Metz,1.7,2–1,1.2,Reims,,Stade Saint-Symphorien,Johan Hamel,Match Report,
41,Regular season,4.0,Sun,2020-09-20,15:00,Brest,1.1,3–2,1.7,Lorient,,Stade Francis-Le Blé,Karim Abed,Match Report,
42,Regular season,4.0,Sun,2020-09-20,17:00,Nantes,1.4,2–2,1.0,Saint-Étienne,,Stade de la Beaujoire - Louis Fonteneau,Antony Gautier,Match Report,
43,Regular season,4.0,Sun,2020-09-20,21:00,Marseille,0.7,1–1,1.5,Lille,,Orange Vélodrome,Hakim Ben El Hadj Salem,Match Report,
44,,,,,,,,,,,,,,,
45,Regular season,5.0,Fri,2020-09-25,21:00,Lille,1.8,2–0,0.8,Nantes,,Stade Pierre-Mauroy,Willy Delajod,Match Report,
46,Regular season,5.0,Sat,2020-09-26,17:00,Saint-Étienne,0.3,0–3,1.0,Rennes,,Stade Geoffroy-Guichard,Benoît Bastien,Match Report,
47,Regular season,5.0,Sat,2020-09-26,21:00,Marseille,0.9,1–1,1.1,Metz,,Orange Vélodrome,Eric Wattellier,Match Report,
48,Regular season,5.0,Sun,2020-09-27,13:00,Bordeaux,1.2,0–0,0.8,Nice,,Stade Matmut-Atlantique,François Letexier,Match Report,
49,Regular season,5.0,Sun,2020-09-27,15:00,Monaco,1.3,3–2,1.5,Strasbourg,,Stade Louis II.,Jérémie Pignard,Match Report,
50,Regular season,5.0,Sun,2020-09-27,15:00,Angers,1.1,3–2,3.0,Brest,,Stade Raymond Kopa,Jeremy Stinat,Match Report,
51,Regular season,5.0,Sun,2020-09-27,15:00,Dijon,1.3,2–2,2.4,Montpellier,,Stade Gaston Gérard,Aurélien Petit,Match Report,
52,Regular season,5.0,Sun,2020-09-27,15:00,Nîmes,0.5,1–1,1.3,Lens,,Stade des Costières,Franck Schneider,Match Report,
53,Regular season,5.0,Sun,2020-09-27,17:00,Lorient,0.2,1–1,1.0,Lyon,,Stade Yves Allainmat - Le Moustoir,Clément Turpin,Match Report,
54,Regular season,5.0,Sun,2020-09-27,21:00,Reims,0.3,0–2,3.8,Paris S-G,,Stade Auguste-Delaune II,Ruddy Buquet,Match Report,
55,,,,,,,,,,,,,,,
56,Regular season,6.0,Fri,2020-10-02,21:00,Paris S-G,2.4,6–1,1.0,Angers,,Parc des Princes,Franck Schneider,Match Report,
57,Regular season,6.0,Sat,2020-10-03,17:00,Lens,2.1,2–0,0.1,Saint-Étienne,,Stade Bollaert-Delelis,Bastien Dechepy,Match Report,
58,Regular season,6.0,Sat,2020-10-03,21:00,Nice,1.6,2–1,1.2,Nantes,,Stade de Nice,Jérôme Brisard,Match Report,
59,Regular season,6.0,Sun,2020-10-04,13:00,Montpellier,0.8,0–1,0.7,Nîmes,,Stade de la Mosson,Benoît Millot,Match Report,
60,Regular season,6.0,Sun,2020-10-04,15:00,Bordeaux,1.6,3–0,0.3,Dijon,,Stade Matmut-Atlantique,Antony Gautier,Match Report,
61,Regular season,6.0,Sun,2020-10-04,15:00,Brest,0.6,1–0,1.2,Monaco,,Stade Francis-Le Blé,Johan Hamel,Match Report,
62,Regular season,6.0,Sun,2020-10-04,15:00,Metz,1.6,3–1,0.7,Lorient,,Stade Saint-Symphorien,Jérôme Miguelgorry,Match Report,
63,Regular season,6.0,Sun,2020-10-04,15:00,Strasbourg,1.6,0–3,1.8,Lille,,Stade de la Meinau,Mikael Lesage,Match Report,
64,Regular season,6.0,Sun,2020-10-04,17:00,Rennes,1.8,2–2,1.1,Reims,,Roazhon Park,Florent Batta,Match Report,
65,Regular season,6.0,Sun,2020-10-04,21:00,Lyon,3.2,1–1,0.3,Marseille,,Groupama Stadium,Stéphanie Frappart,Match Report,
66,,,,,,,,,,,,,,,
67,Regular season,7.0,Fri,2020-10-16,19:00,Dijon,1.1,1–1,0.9,Rennes,,Stade Gaston Gérard,Bastien Dechepy,Match Report,
68,Regular season,7.0,Fri,2020-10-16,21:00,Nîmes,0.2,0–4,3.8,Paris S-G,,Stade des Costières,Clément Turpin,Match Report,
69,Regular season,7.0,Sat,2020-10-17,17:00,Reims,0.3,1–3,2.7,Lorient,,Stade Auguste-Delaune II,Mikael Lesage,Match Report,
70,Regular season,7.0,Sat,2020-10-17,21:00,Marseille,1.0,3–1,0.8,Bordeaux,,Orange Vélodrome,Franck Schneider,Match Report,
71,Regular season,7.0,Sun,2020-10-18,13:00,Strasbourg,2.1,2–3,3.9,Lyon,,Stade de la Meinau,Ruddy Buquet,Match Report,
72,Regular season,7.0,Sun,2020-10-18,15:00,Angers,1.1,1–1,1.1,Metz,,Stade Raymond Kopa,Aurélien Petit,Match Report,
73,Regular season,7.0,Sun,2020-10-18,15:00,Nantes,1.4,3–1,1.1,Brest,,Stade de la Beaujoire - Louis Fonteneau,Jérémie Pignard,Match Report,
74,Regular season,7.0,Sun,2020-10-18,15:00,Monaco,2.2,1–1,0.1,Montpellier,,Stade Louis II.,Hakim Ben El Hadj Salem,Match Report,
75,Regular season,7.0,Sun,2020-10-18,17:00,Saint-Étienne,0.8,1–3,2.3,Nice,,Stade Geoffroy-Guichard,Amaury Delerue,Match Report,
76,Regular season,7.0,Sun,2020-10-18,21:00,Lille,2.5,4–0,0.4,Lens,,Stade Pierre-Mauroy,François Letexier,Match Report,
77,,,,,,,,,,,,,,,
78,Regular season,8.0,Fri,2020-10-23,21:00,Rennes,1.4,1–2,1.2,Angers,,Roazhon Park,Jérémie Pignard,Match Report,
79,Regular season,8.0,Sat,2020-10-24,17:00,Lorient,0.8,0–1,1.2,Marseille,,Stade Yves Allainmat - Le Moustoir,Benoît Bastien,Match Report,
80,Regular season,8.0,Sat,2020-10-24,21:00,Paris S-G,3.8,4–0,1.6,Dijon,,Parc des Princes,Johan Hamel,Match Report,
81,Regular season,8.0,Sun,2020-10-25,15:00,Montpellier,0.3,0–4,4.0,Reims,,Stade de la Mosson,Willy Delajod,Match Report,
82,Regular season,8.0,Sun,2020-10-25,15:00,Brest,0.9,0–3,1.2,Strasbourg,,Stade Francis-Le Blé,Jérôme Miguelgorry,Match Report,
83,Regular season,8.0,Sun,2020-10-25,15:00,Bordeaux,2.1,2–0,0.7,Nîmes,,Stade Matmut-Atlantique,Bastien Dechepy,Match Report,
84,Regular season,8.0,Sun,2020-10-25,15:00,Metz,0.4,2–0,0.5,Saint-Étienne,5000.0,Stade Saint-Symphorien,Karim Abed,Match Report,
85,Regular season,8.0,Sun,2020-10-25,17:00,Nice,1.2,1–1,0.6,Lille,,Stade de Nice,Franck Schneider,Match Report,
86,Regular season,8.0,Sun,2020-10-25,21:00,Lyon,3.3,4–1,2.0,Monaco,,Groupama Stadium,Jérôme Brisard,Match Report,
87,,,,,,,,,,,,,,,
88,Regular season,9.0,Sat,2020-10-31,17:00,Rennes,1.4,2–1,1.1,Brest,,Roazhon Park,Stéphanie Frappart,Match Report,
89,Regular season,9.0,Sat,2020-10-31,21:00,Nantes,1.7,0–3,2.4,Paris S-G,,Stade de la Beaujoire - Louis Fonteneau,Hakim Ben El Hadj Salem,Match Report,
90,Regular season,9.0,Sun,2020-11-01,13:00,Saint-Étienne,0.7,0–1,0.7,Montpellier,,Stade Geoffroy-Guichard,Jérôme Miguelgorry,Match Report,
91,Regular season,9.0,Sun,2020-11-01,15:00,Angers,0.4,0–3,2.3,Nice,,Stade Raymond Kopa,Jeremy Stinat,Match Report,
92,Regular season,9.0,Sun,2020-11-01,15:00,Dijon,0.4,0–0,1.2,Lorient,,Stade Gaston Gérard,Aurélien Petit,Match Report,
93,Regular season,9.0,Sun,2020-11-01,15:00,Reims,0.6,2–1,1.5,Strasbourg,,Stade Auguste-Delaune II,Eric Wattellier,Match Report,
94,Regular season,9.0,Sun,2020-11-01,15:00,Nîmes,0.9,0–1,0.8,Metz,,Stade des Costières,Amaury Delerue,Match Report,
95,Regular season,9.0,Sun,2020-11-01,17:00,Monaco,3.5,4–0,0.3,Bordeaux,,Stade Louis II.,Ruddy Buquet,Match Report,
96,Regular season,9.0,Sun,2020-11-01,21:00,Lille,0.6,1–1,0.6,Lyon,,Stade Pierre-Mauroy,Mikael Lesage,Match Report,
97,,,,,,,,,,,,,,,
98,Regular season,10.0,Fri,2020-11-06,21:00,Strasbourg,0.4,0–1,0.1,Marseille,,Stade de la Meinau,Johan Hamel,Match Report,
99,Regular season,10.0,Sat,2020-11-07,17:00,Bordeaux,0.6,0–2,1.3,Montpellier,,Stade Matmut-Atlantique,Antony Gautier,Match Report,
100,Regular season,10.0,Sat,2020-11-07,21:00,Paris S-G,0.9,3–0,1.0,Rennes,,Parc des Princes,Benoît Bastien,Match Report,
101,Regular season,10.0,Sun,2020-11-08,13:00,Brest,1.3,3–2,3.0,Lille,,Stade Francis-Le Blé,Florent Batta,Match Report,
102,Regular season,10.0,Sun,2020-11-08,15:00,Metz,2.2,1–1,2.0,Dijon,,Stade Saint-Symphorien,Willy Delajod,Match Report,
103,Regular season,10.0,Sun,2020-11-08,15:00,Lorient,1.8,0–2,1.2,Nantes,,Stade Yves Allainmat - Le Moustoir,Stéphanie Frappart,Match Report,
104,Regular season,10.0,Sun,2020-11-08,15:00,Nîmes,1.9,1–5,2.8,Angers,,Stade des Costières,Franck Schneider,Match Report,
105,Regular season,10.0,Sun,2020-11-08,15:00,Lens,1.6,4–4,1.0,Reims,,Stade Bollaert-Delelis,Thomas Léonard,Match Report,
106,Regular season,10.0,Sun,2020-11-08,17:00,Nice,1.0,1–2,2.0,Monaco,,Stade de Nice,Karim Abed,Match Report,
107,Regular season,10.0,Sun,2020-11-08,21:00,Lyon,2.8,2–1,1.9,Saint-Étienne,,Groupama Stadium,François Letexier,Match Report,
108,,,,,,,,,,,,,,,
109,Regular season,11.0,Fri,2020-11-20,19:00,Rennes,1.9,0–1,0.7,Bordeaux,,Roazhon Park,Karim Abed,Match Report,
110,Regular season,11.0,Fri,2020-11-20,21:00,Monaco,3.9,3–2,1.9,Paris S-G,,Stade Louis II.,Clément Turpin,Match Report,
111,Regular season,11.0,Sat,2020-11-21,17:00,Brest,0.8,4–1,1.3,Saint-Étienne,,Stade Francis-Le Blé,Thomas Léonard,Match Report,
112,Regular season,11.0,Sun,2020-11-22,13:00,Nantes,1.3,1–1,1.3,Metz,,Stade de la Beaujoire - Louis Fonteneau,Benoît Millot,Match Report,
113,Regular season,11.0,Sun,2020-11-22,15:00,Reims,1.5,0–1,1.0,Nîmes,,Stade Auguste-Delaune II,Jeremy Stinat,Match Report,
114,Regular season,11.0,Sun,2020-11-22,15:00,Dijon,0.9,0–1,1.5,Lens,,Stade Gaston Gérard,Eric Wattellier,Match Report,
115,Regular season,11.0,Sun,2020-11-22,15:00,Montpellier,2.8,4–3,2.9,Strasbourg,,Stade de la Mosson,Jérôme Brisard,Match Report,
116,Regular season,11.0,Sun,2020-11-22,17:00,Angers,1.1,0–1,1.0,Lyon,,Stade Raymond Kopa,Amaury Delerue,Match Report,
117,Regular season,11.0,Sun,2020-11-22,21:00,Lille,3.6,4–0,0.9,Lorient,,Stade Pierre-Mauroy,Willy Delajod,Match Report,
118,,,,,,,,,,,,,,,
119,Regular season,8.0,Wed,2020-11-25,19:00,Lens,0.9,1–1,2.1,Nantes,,Stade Bollaert-Delelis,Florent Batta,Match Report,
120,,,,,,,,,,,,,,,
121,Regular season,12.0,Fri,2020-11-27,21:00,Strasbourg,0.8,1–1,2.5,Rennes,,Stade de la Meinau,Benoît Millot,Match Report,
122,Regular season,12.0,Sat,2020-11-28,17:00,Marseille,2.8,3–1,0.4,Nantes,,Orange Vélodrome,Mikael Lesage,Match Report,
123,Regular season,12.0,Sat,2020-11-28,21:00,Paris S-G,2.2,2–2,1.3,Bordeaux,,Parc des Princes,Jérémie Pignard,Match Report,
124,Regular season,12.0,Sun,2020-11-29,13:00,Lyon,1.7,3–0,0.4,Reims,,Groupama Stadium,Jérôme Miguelgorry,Match Report,
125,Regular season,12.0,Sun,2020-11-29,15:00,Lens,1.4,1–3,2.3,Angers,,Stade Bollaert-Delelis,Aurélien Petit,Match Report,
126,Regular season,12.0,Sun,2020-11-29,15:00,Monaco,3.3,3–0,0.3,Nîmes,,Stade Louis II.,Antony Gautier,Match Report,
127,Regular season,12.0,Sun,2020-11-29,15:00,Metz,0.9,0–2,1.5,Brest,,Stade Saint-Symphorien,Hakim Ben El Hadj Salem,Match Report,
128,Regular season,12.0,Sun,2020-11-29,15:00,Lorient,0.5,0–1,1.6,Montpellier,,Stade Yves Allainmat - Le Moustoir,Bastien Dechepy,Match Report,
129,Regular season,12.0,Sun,2020-11-29,17:00,Nice,3.1,1–3,0.9,Dijon,,Stade de Nice,François Letexier,Match Report,
130,Regular season,12.0,Sun,2020-11-29,21:00,Saint-Étienne,1.0,1–1,0.5,Lille,,Stade Geoffroy-Guichard,Benoît Bastien,Match Report,
131,,,,,,,,,,,,,,,
132,Regular season,13.0,Fri,2020-12-04,21:00,Nîmes,0.7,0–2,2.3,Marseille,,Stade des Costières,Willy Delajod,Match Report,
133,Regular season,13.0,Sat,2020-12-05,17:00,Rennes,0.5,0–2,1.1,Lens,,Roazhon Park,Johan Hamel,Match Report,
134,Regular season,13.0,Sat,2020-12-05,21:00,Montpellier,2.1,1–3,1.8,Paris S-G,,Stade de la Mosson,Mikael Lesage,Match Report,
135,Regular season,13.0,Sun,2020-12-06,13:00,Lille,1.3,2–1,0.9,Monaco,,Stade Pierre-Mauroy,Jérôme Brisard,Match Report,
136,Regular season,13.0,Sun,2020-12-06,15:00,Angers,2.0,2–0,0.6,Lorient,,Stade Raymond Kopa,Thomas Léonard,Match Report,
137,Regular season,13.0,Sun,2020-12-06,15:00,Bordeaux,2.1,1–0,0.3,Brest,,Stade Matmut-Atlantique,Franck Schneider,Match Report,
138,Regular season,13.0,Sun,2020-12-06,15:00,Dijon,0.5,0–0,0.7,Saint-Étienne,,Stade Gaston Gérard,Ruddy Buquet,Match Report,
139,Regular season,13.0,Sun,2020-12-06,15:00,Nantes,0.7,0–4,2.7,Strasbourg,,Stade de la Beaujoire - Louis Fonteneau,Clément Turpin,Match Report,
140,Regular season,13.0,Sun,2020-12-06,17:00,Reims,0.5,0–0,0.7,Nice,,Stade Auguste-Delaune II,Stéphanie Frappart,Match Report,
141,Regular season,13.0,Sun,2020-12-06,21:00,Metz,1.5,1–3,1.6,Lyon,,Stade Saint-Symphorien,Karim Abed,Match Report,
142,,,,,,,,,,,,,,,
143,Regular season,14.0,Fri,2020-12-11,21:00,Saint-Étienne,1.3,0–0,0.7,Angers,,Stade Geoffroy-Guichard,Jérôme Miguelgorry,Match Report,
144,Regular season,14.0,Sat,2020-12-12,17:00,Marseille,1.3,2–1,1.9,Monaco,,Orange Vélodrome,Benoît Millot,Match Report,
145,Regular season,14.0,Sat,2020-12-12,21:00,Lens,1.7,2–3,1.1,Montpellier,,Stade Bollaert-Delelis,Jeremy Stinat,Match Report,
146,Regular season,14.0,Sun,2020-12-13,13:00,Nice,0.9,0–1,1.3,Rennes,,Stade de Nice,Amaury Delerue,Match Report,
147,Regular season,14.0,Sun,2020-12-13,15:00,Lorient,2.7,3–0,0.5,Nîmes,,Stade Yves Allainmat - Le Moustoir,Karim Abed,Match Report,
148,Regular season,14.0,Sun,2020-12-13,15:00,Brest,3.0,2–1,0.6,Reims,,Stade Francis-Le Blé,Aurélien Petit,Match Report,
149,Regular season,14.0,Sun,2020-12-13,15:00,Strasbourg,1.1,2–2,1.7,Metz,,Stade de la Meinau,François Letexier,Match Report,
150,Regular season,14.0,Sun,2020-12-13,15:00,Nantes,2.8,1–1,1.2,Dijon,,Stade de la Beaujoire - Louis Fonteneau,Antony Gautier,Match Report,
151,Regular season,14.0,Sun,2020-12-13,17:00,Lille,1.1,2–1,0.7,Bordeaux,,Stade Pierre-Mauroy,Eric Wattellier,Match Report,
152,Regular season,14.0,Sun,2020-12-13,21:00,Paris S-G,0.4,0–1,0.8,Lyon,,Parc des Princes,Benoît Bastien,Match Report,
153,,,,,,,,,,,,,,,
154,Regular season,15.0,Wed,2020-12-16,19:00,Dijon,0.2,0–2,0.8,Lille,,Stade Gaston Gérard,Hakim Ben El Hadj Salem,Match Report,
155,Regular season,15.0,Wed,2020-12-16,19:00,Reims,1.8,3–2,2.0,Nantes,,Stade Auguste-Delaune II,Karim Abed,Match Report,
156,Regular season,15.0,Wed,2020-12-16,19:00,Angers,0.4,0–2,0.6,Strasbourg,,Stade Raymond Kopa,Bastien Dechepy,Match Report,
157,Regular season,15.0,Wed,2020-12-16,19:00,Montpellier,1.1,0–2,1.7,Metz,,Stade de la Mosson,Jérémie Pignard,Match Report,
158,Regular season,15.0,Wed,2020-12-16,19:00,Nîmes,1.1,0–2,1.8,Nice,,Stade des Costières,Ruddy Buquet,Match Report,
159,Regular season,15.0,Wed,2020-12-16,21:00,Monaco,0.8,0–3,1.3,Lens,,Stade Louis II.,Willy Delajod,Match Report,
160,Regular season,15.0,Wed,2020-12-16,21:00,Paris S-G,2.7,2–0,1.4,Lorient,,Parc des Princes,Johan Hamel,Match Report,
161,Regular season,15.0,Wed,2020-12-16,21:00,Rennes,1.2,2–1,1.2,Marseille,,Roazhon Park,Clément Turpin,Match Report,
162,Regular season,15.0,Wed,2020-12-16,21:00,Bordeaux,0.7,1–2,2.3,Saint-Étienne,,Stade Matmut-Atlantique,Stéphanie Frappart,Match Report,
163,Regular season,15.0,Wed,2020-12-16,21:00,Lyon,3.8,2–2,1.7,Brest,,Groupama Stadium,Jérôme Brisard,Match Report,
164,,,,,,,,,,,,,,,
165,Regular season,16.0,Sat,2020-12-19,17:00,Metz,1.0,2–0,1.2,Lens,,Stade Saint-Symphorien,Amaury Delerue,Match Report,
166,Regular season,16.0,Sat,2020-12-19,19:00,Marseille,1.3,1–1,0.3,Reims,,Orange Vélodrome,Thomas Léonard,Match Report,
167,Regular season,16.0,Sat,2020-12-19,21:00,Nice,0.9,1–4,3.3,Lyon,,Stade de Nice,Antony Gautier,Match Report,
168,Regular season,16.0,Sun,2020-12-20,13:00,Brest,1.6,2–2,0.8,Montpellier,,Stade Francis-Le Blé,Benoît Millot,Match Report,
169,Regular season,16.0,Sun,2020-12-20,15:00,Strasbourg,1.0,0–2,1.0,Bordeaux,,Stade de la Meinau,Benoît Bastien,Match Report,
170,Regular season,16.0,Sun,2020-12-20,15:00,Saint-Étienne,2.9,2–2,1.6,Nîmes,,Stade Geoffroy-Guichard,Mikael Lesage,Match Report,
171,Regular season,16.0,Sun,2020-12-20,15:00,Dijon,1.3,0–1,0.8,Monaco,,Stade Gaston Gérard,Jeremy Stinat,Match Report,
172,Regular season,16.0,Sun,2020-12-20,15:00,Nantes,0.5,1–1,1.1,Angers,,Stade de la Beaujoire - Louis Fonteneau,Willy Delajod,Match Report,
173,Regular season,16.0,Sun,2020-12-20,17:00,Lorient,0.8,0–3,0.9,Rennes,,Stade Yves Allainmat - Le Moustoir,Eric Wattellier,Match Report,
174,Regular season,16.0,Sun,2020-12-20,21:00,Lille,0.5,0–0,0.7,Paris S-G,,Stade Pierre-Mauroy,François Letexier,Match Report,
175,,,,,,,,,,,,,,,
176,Regular season,17.0,Wed,2020-12-23,19:00,Lens,2.1,2–1,1.3,Brest,,Stade Bollaert-Delelis,Bastien Dechepy,Match Report,
177,Regular season,17.0,Wed,2020-12-23,19:00,Bordeaux,1.1,1–3,1.0,Reims,,Stade Matmut-Atlantique,Jérôme Brisard,Match Report,
178,Regular season,17.0,Wed,2020-12-23,19:00,Rennes,0.9,1–0,1.4,Metz,,Roazhon Park,Florent Batta,Match Report,
179,Regular season,17.0,Wed,2020-12-23,19:00,Nîmes,1.0,1–3,1.8,Dijon,,Stade des Costières,Jérémie Pignard,Match Report,
180,Regular season,17.0,Wed,2020-12-23,19:00,Nice,0.6,2–2,2.6,Lorient,,Stade de Nice,Aurélien Petit,Match Report,
181,Regular season,17.0,Wed,2020-12-23,21:00,Montpellier,1.5,2–3,1.8,Lille,,Stade de la Mosson,Clément Turpin,Match Report,
182,Regular season,17.0,Wed,2020-12-23,21:00,Paris S-G,2.9,4–0,0.6,Strasbourg,,Parc des Princes,Jérôme Miguelgorry,Match Report,
183,Regular season,17.0,Wed,2020-12-23,21:00,Lyon,3.6,3–0,1.4,Nantes,,Groupama Stadium,Ruddy Buquet,Match Report,
184,Regular season,17.0,Wed,2020-12-23,21:00,Monaco,0.8,2–2,1.7,Saint-Étienne,,Stade Louis II.,Johan Hamel,Match Report,
185,Regular season,17.0,Wed,2020-12-23,21:00,Angers,0.6,2–1,1.5,Marseille,,Stade Raymond Kopa,Hakim Ben El Hadj Salem,Match Report,
186,,,,,,,,,,,,,,,
187,Regular season,18.0,Wed,2021-01-06,19:00,Strasbourg,4.9,5–0,1.0,Nîmes,,Stade de la Meinau,Benoît Millot,Match Report,
188,Regular season,18.0,Wed,2021-01-06,19:00,Nantes,0.6,0–0,0.6,Rennes,,Stade de la Beaujoire - Louis Fonteneau,Jérémie Pignard,Match Report,
189,Regular season,18.0,Wed,2021-01-06,19:00,Brest,1.2,2–0,1.5,Nice,,Stade Francis-Le Blé,Jeremy Stinat,Match Report,
190,Regular season,18.0,Wed,2021-01-06,19:00,Metz,0.9,0–0,1.2,Bordeaux,,Stade Saint-Symphorien,Antony Gautier,Match Report,
191,Regular season,18.0,Wed,2021-01-06,19:00,Lorient,1.0,2–5,2.6,Monaco,,Stade Yves Allainmat - Le Moustoir,Franck Schneider,Match Report,
192,Regular season,18.0,Wed,2021-01-06,21:00,Reims,0.7,0–0,0.3,Dijon,,Stade Auguste-Delaune II,Amaury Delerue,Match Report,
193,Regular season,18.0,Wed,2021-01-06,21:00,Saint-Étienne,1.2,1–1,1.6,Paris S-G,,Stade Geoffroy-Guichard,Karim Abed,Match Report,
194,Regular season,18.0,Wed,2021-01-06,21:00,Lille,0.4,1–2,0.6,Angers,,Stade Pierre-Mauroy,Thomas Léonard,Match Report,
195,Regular season,18.0,Wed,2021-01-06,21:00,Lyon,1.9,3–2,0.9,Lens,,Groupama Stadium,Eric Wattellier,Match Report,
196,Regular season,18.0,Wed,2021-01-06,21:00,Marseille,2.3,3–1,1.2,Montpellier,,Orange Vélodrome,Stéphanie Frappart,Match Report,
197,,,,,,,,,,,,,,,
198,Regular season,19.0,Sat,2021-01-09,21:00,Monaco,2.1,3–0,0.7,Angers,,Stade Louis II.,Benoît Bastien,Match Report,
199,Regular season,19.0,Sat,2021-01-09,21:00,Nîmes,0.4,0–1,0.9,Lille,,Stade des Costières,Jérôme Brisard,Match Report,
200,Regular season,19.0,Sat,2021-01-09,21:00,Metz,1.2,1–1,1.3,Nice,,Stade Saint-Symphorien,Johan Hamel,Match Report,
201,Regular season,19.0,Sat,2021-01-09,21:00,Paris S-G,2.9,3–0,0.7,Brest,,Parc des Princes,Hakim Ben El Hadj Salem,Match Report,
202,Regular season,19.0,Sat,2021-01-09,21:00,Montpellier,1.0,1–1,1.2,Nantes,,Stade de la Mosson,François Letexier,Match Report,
203,Regular season,19.0,Sat,2021-01-09,21:00,Bordeaux,1.3,2–1,1.2,Lorient,,Stade Matmut-Atlantique,Willy Delajod,Match Report,
204,Regular season,19.0,Sat,2021-01-09,21:00,Rennes,1.1,2–2,0.8,Lyon,,Roazhon Park,Mikael Lesage,Match Report,
205,Regular season,19.0,Sat,2021-01-09,21:00,Lens,0.6,0–1,1.3,Strasbourg,,Stade Bollaert-Delelis,Clément Turpin,Match Report,
206,Regular season,19.0,Sat,2021-01-09,21:00,Dijon,0.4,0–0,1.5,Marseille,,Stade Gaston Gérard,Jérôme Miguelgorry,Match Report,
207,Regular season,19.0,Sat,2021-01-09,21:00,Reims,1.6,3–1,1.5,Saint-Étienne,,Stade Auguste-Delaune II,Florent Batta,Match Report,
208,,,,,,,,,,,,,,,
209,Regular season,20.0,Fri,2021-01-15,21:00,Montpellier,0.7,2–3,2.3,Monaco,,Stade de la Mosson,Aurélien Petit,Match Report,
210,Regular season,20.0,Sat,2021-01-16,17:00,Marseille,2.0,1–2,1.4,Nîmes,,Orange Vélodrome,Jeremy Stinat,Match Report,
211,Regular season,20.0,Sat,2021-01-16,21:00,Angers,0.9,0–1,1.4,Paris S-G,,Stade Raymond Kopa,Amaury Delerue,Match Report,
212,Regular season,20.0,Sun,2021-01-17,13:00,Brest,2.2,1–2,1.6,Rennes,,Stade Francis-Le Blé,Ruddy Buquet,Match Report,
213,Regular season,20.0,Sun,2021-01-17,15:00,Strasbourg,2.2,1–0,1.5,Saint-Étienne,,Stade de la Meinau,Antony Gautier,Match Report,
214,Regular season,20.0,Sun,2021-01-17,15:00,Nice,0.9,0–3,2.5,Bordeaux,,Stade de Nice,Thomas Léonard,Match Report,
215,Regular season,20.0,Sun,2021-01-17,15:00,Nantes,1.3,1–1,1.3,Lens,,Stade de la Beaujoire - Louis Fonteneau,Franck Schneider,Match Report,
216,Regular season,20.0,Sun,2021-01-17,17:00,Lille,1.6,2–1,0.3,Reims,,Stade Pierre-Mauroy,Benoît Millot,Match Report,
217,Regular season,20.0,Sun,2021-01-17,21:00,Lyon,1.5,0–1,1.9,Metz,,Groupama Stadium,Stéphanie Frappart,Match Report,
218,,,,,,,,,,,,,,,
219,Regular season,9.0,Wed,2021-01-20,21:00,Marseille,0.1,0–1,1.5,Lens,,Orange Vélodrome,Jérémie Pignard,Match Report,
220,,,,,,,,,,,,,,,
221,Regular season,21.0,Fri,2021-01-22,21:00,Paris S-G,4.5,4–0,0.4,Montpellier,,Parc des Princes,Willy Delajod,Match Report,
222,Regular season,21.0,Sat,2021-01-23,17:00,Lens,1.3,0–1,0.6,Nice,,Stade Bollaert-Delelis,Hakim Ben El Hadj Salem,Match Report,
223,Regular season,21.0,Sat,2021-01-23,21:00,Monaco,1.2,3–1,0.5,Marseille,,Stade Louis II.,François Letexier,Match Report,
224,Regular season,21.0,Sun,2021-01-24,13:00,Bordeaux,1.3,2–1,1.8,Angers,,Stade Matmut-Atlantique,Florent Batta,Match Report,
225,Regular season,21.0,Sun,2021-01-24,15:00,Metz,1.0,2–0,0.4,Nantes,,Stade Saint-Symphorien,Jérôme Miguelgorry,Match Report,
226,Regular season,21.0,Sun,2021-01-24,15:00,Reims,1.1,1–0,1.3,Brest,,Stade Auguste-Delaune II,Johan Hamel,Match Report,
227,Regular season,21.0,Sun,2021-01-24,15:00,Dijon,0.7,1–1,2.4,Strasbourg,,Stade Gaston Gérard,Jérôme Brisard,Match Report,
228,Regular season,21.0,Sun,2021-01-24,17:00,Rennes,0.7,0–1,0.5,Lille,,Roazhon Park,Eric Wattellier,Match Report,
229,Regular season,21.0,Sun,2021-01-24,21:00,Saint-Étienne,0.2,0–5,2.1,Lyon,,Stade Geoffroy-Guichard,Benoît Bastien,Match Report,
230,,,,,,,,,,,,,,,
231,Regular season,20.0,Wed,2021-01-27,21:00,Lorient,1.2,3–2,1.3,Dijon,,Stade Yves Allainmat - Le Moustoir,Bastien Dechepy,Match Report,
232,,,,,,,,,,,,,,,
233,Regular season,22.0,Fri,2021-01-29,21:00,Lyon,1.0,2–1,1.0,Bordeaux,,Groupama Stadium,Clément Turpin,Match Report,
234,Regular season,22.0,Sat,2021-01-30,17:00,Montpellier,1.4,1–2,0.7,Lens,,Stade de la Mosson,Amaury Delerue,Match Report,
235,Regular season,22.0,Sun,2021-01-31,13:00,Nice,0.5,0–1,1.4,Saint-Étienne,,Stade de Nice,Franck Schneider,Match Report,
236,Regular season,22.0,Sun,2021-01-31,15:00,Lorient,1.8,3–2,2.6,Paris S-G,,Stade Yves Allainmat - Le Moustoir,Jeremy Stinat,Match Report,
237,Regular season,22.0,Sun,2021-01-31,15:00,Strasbourg,1.2,0–1,1.4,Reims,,Stade de la Meinau,Stéphanie Frappart,Match Report,
238,Regular season,22.0,Sun,2021-01-31,15:00,Angers,1.5,3–1,1.1,Nîmes,,Stade Raymond Kopa,Ruddy Buquet,Match Report,
239,Regular season,22.0,Sun,2021-01-31,15:00,Brest,1.3,2–4,1.6,Metz,,Stade Francis-Le Blé,Benoît Millot,Match Report,
240,Regular season,22.0,Sun,2021-01-31,17:00,Lille,1.7,1–0,0.4,Dijon,,Stade Pierre-Mauroy,Jérémie Pignard,Match Report,
241,Regular season,22.0,Sun,2021-01-31,21:00,Nantes,0.9,1–2,1.6,Monaco,,Stade de la Beaujoire - Louis Fonteneau,Thomas Léonard,Match Report,
242,,,,,,,,,,,,,,,
243,Regular season,23.0,Wed,2021-02-03,19:00,Reims,0.5,0–0,0.3,Angers,,Stade Auguste-Delaune II,Aurélien Petit,Match Report,
244,Regular season,23.0,Wed,2021-02-03,19:00,Rennes,1.0,1–1,0.8,Lorient,,Roazhon Park,Hakim Ben El Hadj Salem,Match Report,
245,Regular season,23.0,Wed,2021-02-03,19:00,Bordeaux,1.1,0–3,1.7,Lille,,Stade Matmut-Atlantique,Mikael Lesage,Match Report,
246,Regular season,23.0,Wed,2021-02-03,19:00,Strasbourg,0.4,2–2,0.9,Brest,,Stade de la Meinau,Florent Batta,Match Report,
247,Regular season,23.0,Wed,2021-02-03,19:00,Metz,0.9,1–1,1.1,Montpellier,,Stade Saint-Symphorien,Bastien Dechepy,Match Report,
248,Regular season,23.0,Wed,2021-02-03,21:00,Lens,1.3,2–2,1.5,Marseille,,Stade Bollaert-Delelis,Willy Delajod,Match Report,
249,Regular season,23.0,Wed,2021-02-03,21:00,Paris S-G,1.8,3–0,2.0,Nîmes,,Parc des Princes,François Letexier,Match Report,
250,Regular season,23.0,Wed,2021-02-03,21:00,Saint-Étienne,1.5,1–1,1.5,Nantes,,Stade Geoffroy-Guichard,Eric Wattellier,Match Report,
251,Regular season,23.0,Wed,2021-02-03,21:00,Dijon,1.2,0–1,2.5,Lyon,,Stade Gaston Gérard,Johan Hamel,Match Report,
252,Regular season,23.0,Wed,2021-02-03,21:00,Monaco,2.6,2–1,0.4,Nice,,Stade Louis II.,Jérôme Brisard,Match Report,
253,,,,,,,,,,,,,,,
254,Regular season,24.0,Sat,2021-02-06,17:00,Lorient,1.0,1–0,0.9,Reims,,Stade Yves Allainmat - Le Moustoir,Thomas Léonard,Match Report,
255,Regular season,24.0,Sat,2021-02-06,19:00,Lyon,1.4,3–0,0.3,Strasbourg,,Groupama Stadium,Amaury Delerue,Match Report,
256,Regular season,24.0,Sat,2021-02-06,21:00,Lens,0.8,0–0,0.8,Rennes,,Stade Bollaert-Delelis,Jeremy Stinat,Match Report,
257,Regular season,24.0,Sun,2021-02-07,13:00,Brest,1.9,2–1,0.8,Bordeaux,,Stade Francis-Le Blé,Eric Wattellier,Match Report,
258,Regular season,24.0,Sun,2021-02-07,15:00,Montpellier,4.9,4–2,1.5,Dijon,,Stade de la Mosson,Franck Schneider,Match Report,
259,Regular season,24.0,Sun,2021-02-07,15:00,Nîmes,1.4,3–4,1.3,Monaco,,Stade des Costières,Clément Turpin,Match Report,
260,Regular season,24.0,Sun,2021-02-07,15:00,Nice,1.2,3–0,0.9,Angers,,Stade de Nice,Jérôme Miguelgorry,Match Report,
261,Regular season,24.0,Sun,2021-02-07,15:00,Saint-Étienne,0.7,1–0,0.4,Metz,,Stade Geoffroy-Guichard,Ruddy Buquet,Match Report,
262,Regular season,24.0,Sun,2021-02-07,17:00,Nantes,0.7,0–2,1.5,Lille,,Stade de la Beaujoire - Louis Fonteneau,Stéphanie Frappart,Match Report,
263,Regular season,24.0,Sun,2021-02-07,21:00,Marseille,0.6,0–2,1.7,Paris S-G,,Orange Vélodrome,Benoît Bastien,Match Report,
264,,,,,,,,,,,,,,,
265,Regular season,25.0,Sat,2021-02-13,17:00,Paris S-G,2.6,2–1,1.0,Nice,,Parc des Princes,Jérémie Pignard,Match Report,
266,Regular season,25.0,Sat,2021-02-13,19:00,Reims,0.7,1–1,2.9,Lens,,Stade Auguste-Delaune II,Eric Wattellier,Match Report,
267,Regular season,25.0,Sat,2021-02-13,21:00,Lyon,4.4,1–2,1.5,Montpellier,,Groupama Stadium,Antony Gautier,Match Report,
268,Regular season,25.0,Sun,2021-02-14,13:00,Monaco,2.2,2–2,1.3,Lorient,,Stade Louis II.,Benoît Millot,Match Report,
269,Regular season,25.0,Sun,2021-02-14,15:00,Metz,1.7,1–2,1.5,Strasbourg,,Stade Saint-Symphorien,Mikael Lesage,Match Report,
270,Regular season,25.0,Sun,2021-02-14,15:00,Angers,1.5,1–3,2.0,Nantes,,Stade Raymond Kopa,François Letexier,Match Report,
271,Regular season,25.0,Sun,2021-02-14,15:00,Dijon,0.8,0–2,1.7,Nîmes,,Stade Gaston Gérard,Aurélien Petit,Match Report,
272,Regular season,25.0,Sun,2021-02-14,15:00,Rennes,1.6,0–2,0.3,Saint-Étienne,,Roazhon Park,Florent Batta,Match Report,
273,Regular season,25.0,Sun,2021-02-14,17:00,Lille,0.8,0–0,0.1,Brest,,Stade Pierre-Mauroy,Bastien Dechepy,Match Report,
274,Regular season,25.0,Sun,2021-02-14,21:00,Bordeaux,1.4,0–0,0.5,Marseille,,Stade Matmut-Atlantique,Jérôme Brisard,Match Report,
275,,,,,,,,,,,,,,,
276,Regular season,11.0,Wed,2021-02-17,21:00,Marseille,0.7,3–2,1.3,Nice,,Orange Vélodrome,Mikael Lesage,Match Report,
277,,,,,,,,,,,,,,,
278,Regular season,26.0,Fri,2021-02-19,21:00,Brest,1.5,2–3,3.2,Lyon,,Stade Francis-Le Blé,Franck Schneider,Match Report,
279,Regular season,26.0,Sat,2021-02-20,13:00,Saint-Étienne,2.0,1–1,0.4,Reims,,Stade Geoffroy-Guichard,Antony Gautier,Match Report,
280,Regular season,26.0,Sat,2021-02-20,17:00,Nantes,1.0,1–1,0.7,Marseille,,Stade de la Beaujoire - Louis Fonteneau,Amaury Delerue,Match Report,
281,Regular season,26.0,Sun,2021-02-21,13:00,Montpellier,2.8,2–1,2.0,Rennes,,Stade de la Mosson,Clément Turpin,Match Report,
282,Regular season,26.0,Sun,2021-02-21,15:00,Nice,1.2,1–2,1.2,Metz,,Stade de Nice,Jeremy Stinat,Match Report,
283,Regular season,26.0,Sun,2021-02-21,15:00,Strasbourg,1.2,0–0,0.3,Angers,,Stade de la Meinau,Hakim Ben El Hadj Salem,Match Report,
284,Regular season,26.0,Sun,2021-02-21,15:00,Lens,1.0,2–1,1.0,Dijon,,Stade Bollaert-Delelis,Benoît Bastien,Match Report,
285,Regular season,26.0,Sun,2021-02-21,15:00,Nîmes,0.4,2–0,0.8,Bordeaux,,Stade des Costières,Willy Delajod,Match Report,
286,Regular season,26.0,Sun,2021-02-21,17:00,Lorient,0.3,1–4,1.0,Lille,,Stade Yves Allainmat - Le Moustoir,Johan Hamel,Match Report,
287,Regular season,26.0,Sun,2021-02-21,21:00,Paris S-G,0.7,0–2,1.3,Monaco,,Parc des Princes,Ruddy Buquet,Match Report,
288,,,,,,,,,,,,,,,
289,Regular season,21.0,Wed,2021-02-24,19:00,Nîmes,1.0,1–0,0.5,Lorient,,Stade des Costières,Jérôme Miguelgorry,Match Report,
290,,,,,,,,,,,,,,,
291,Regular season,27.0,Fri,2021-02-26,21:00,Rennes,0.9,1–2,1.9,Nice,,Roazhon Park,Johan Hamel,Match Report,
292,Regular season,27.0,Sat,2021-02-27,13:00,Bordeaux,0.9,1–2,2.0,Metz,,Stade Matmut-Atlantique,Aurélien Petit,Match Report,
293,Regular season,27.0,Sat,2021-02-27,17:00,Dijon,0.2,0–4,1.9,Paris S-G,,Stade Gaston Gérard,Mikael Lesage,Match Report,
294,Regular season,27.0,Sun,2021-02-28,13:00,Monaco,2.2,2–0,0.6,Brest,,Stade Louis II.,Jérémie Pignard,Match Report,
295,Regular season,27.0,Sun,2021-02-28,15:00,Nîmes,0.6,1–1,1.0,Nantes,,Stade des Costières,Florent Batta,Match Report,
296,Regular season,27.0,Sun,2021-02-28,15:00,Lorient,1.0,2–1,1.1,Saint-Étienne,,Stade Yves Allainmat - Le Moustoir,Stéphanie Frappart,Match Report,
297,Regular season,27.0,Sun,2021-02-28,15:00,Reims,0.4,0–0,0.4,Montpellier,,Stade Auguste-Delaune II,François Letexier,Match Report,
298,Regular season,27.0,Sun,2021-02-28,15:00,Angers,1.6,2–2,1.3,Lens,,Stade Raymond Kopa,Bastien Dechepy,Match Report,
299,Regular season,27.0,Sun,2021-02-28,17:00,Lille,1.1,1–1,0.9,Strasbourg,,Stade Pierre-Mauroy,Jérôme Brisard,Match Report,
300,Regular season,27.0,Sun,2021-02-28,21:00,Marseille,1.5,1–1,0.6,Lyon,,Orange Vélodrome,Benoît Millot,Match Report,
301,,,,,,,,,,,,,,,
302,Regular season,28.0,Wed,2021-03-03,19:00,Nice,1.4,2–1,2.4,Nîmes,,Stade de Nice,Hakim Ben El Hadj Salem,Match Report,
303,Regular season,28.0,Wed,2021-03-03,19:00,Lyon,2.2,1–0,0.6,Rennes,,Groupama Stadium,Ruddy Buquet,Match Report,
304,Regular season,28.0,Wed,2021-03-03,19:00,Metz,0.8,0–1,1.1,Angers,,Stade Saint-Symphorien,Johan Hamel,Match Report,
305,Regular season,28.0,Wed,2021-03-03,19:00,Saint-Étienne,2.2,2–3,1.9,Lens,,Stade Geoffroy-Guichard,Amaury Delerue,Match Report,
306,Regular season,28.0,Wed,2021-03-03,19:00,Brest,1.5,3–1,1.0,Dijon,,Stade Francis-Le Blé,Jeremy Stinat,Match Report,
307,Regular season,28.0,Wed,2021-03-03,21:00,Bordeaux,0.6,0–1,1.0,Paris S-G,,Stade Matmut-Atlantique,Franck Schneider,Match Report,
308,Regular season,28.0,Wed,2021-03-03,21:00,Strasbourg,0.9,1–0,0.6,Monaco,,Stade de la Meinau,Eric Wattellier,Match Report,
309,Regular season,28.0,Wed,2021-03-03,21:00,Lille,2.7,2–0,0.1,Marseille,,Stade Pierre-Mauroy,Clément Turpin,Match Report,
310,Regular season,28.0,Wed,2021-03-03,21:00,Nantes,1.3,1–2,0.6,Reims,,Stade de la Beaujoire - Louis Fonteneau,Willy Delajod,Match Report,
311,Regular season,28.0,Wed,2021-03-03,21:00,Montpellier,0.8,1–1,2.0,Lorient,,Stade de la Mosson,Benoît Bastien,Match Report,
312,,,,,,,,,,,,,,,
313,Regular season,22.0,Wed,2021-03-10,19:00,Marseille,0.6,1–0,0.6,Rennes,,Orange Vélodrome,Jérémie Pignard,Match Report,
314,,,,,,,,,,,,,,,
315,Regular season,29.0,Fri,2021-03-12,21:00,Reims,0.7,1–1,1.5,Lyon,,Stade Auguste-Delaune II,Jérôme Brisard,Match Report,
316,Regular season,29.0,Sat,2021-03-13,13:00,Angers,0.2,0–1,0.8,Saint-Étienne,,Stade Raymond Kopa,Benoît Millot,Match Report,
317,Regular season,29.0,Sat,2021-03-13,17:00,Marseille,1.7,3–1,0.4,Brest,,Orange Vélodrome,Jérôme Miguelgorry,Match Report,
318,Regular season,29.0,Sun,2021-03-14,13:00,Nîmes,1.6,1–1,1.0,Montpellier,,Stade des Costières,Eric Wattellier,Match Report,
319,Regular season,29.0,Sun,2021-03-14,15:00,Rennes,1.0,1–0,0.6,Strasbourg,,Roazhon Park,Bastien Dechepy,Match Report,
320,Regular season,29.0,Sun,2021-03-14,15:00,Lens,2.2,2–2,1.5,Metz,,Stade Bollaert-Delelis,Florent Batta,Match Report,
321,Regular season,29.0,Sun,2021-03-14,15:00,Lorient,2.2,1–1,0.5,Nice,,Stade Yves Allainmat - Le Moustoir,Ruddy Buquet,Match Report,
322,Regular season,29.0,Sun,2021-03-14,15:00,Dijon,1.1,1–3,1.2,Bordeaux,,Stade Gaston Gérard,Thomas Léonard,Match Report,
323,Regular season,29.0,Sun,2021-03-14,17:05,Monaco,0.6,0–0,0.2,Lille,,Stade Louis II.,Stéphanie Frappart,Match Report,
324,Regular season,29.0,Sun,2021-03-14,21:00,Paris S-G,0.6,1–2,1.3,Nantes,,Parc des Princes,Karim Abed,Match Report,
325,,,,,,,,,,,,,,,
326,Regular season,30.0,Fri,2021-03-19,21:00,Saint-Étienne,0.5,0–4,2.3,Monaco,,Stade Geoffroy-Guichard,Mikael Lesage,Match Report,
327,Regular season,30.0,Sat,2021-03-20,13:00,Metz,0.7,1–3,2.0,Rennes,,Stade Saint-Symphorien,Willy Delajod,Match Report,
328,Regular season,30.0,Sat,2021-03-20,17:00,Nice,2.4,3–0,0.4,Marseille,,Stade de Nice,François Letexier,Match Report,
329,Regular season,30.0,Sun,2021-03-21,13:00,Strasbourg,2.2,1–2,1.8,Lens,,Stade de la Meinau,Jeremy Stinat,Match Report,
330,Regular season,30.0,Sun,2021-03-21,15:00,Dijon,0.9,0–1,1.1,Reims,,Stade Gaston Gérard,Benoît Bastien,Match Report,
331,Regular season,30.0,Sun,2021-03-21,15:00,Nantes,1.3,1–1,0.9,Lorient,,Stade de la Beaujoire - Louis Fonteneau,Antony Gautier,Match Report,
332,Regular season,30.0,Sun,2021-03-21,15:00,Montpellier,2.5,3–1,1.5,Bordeaux,,Stade de la Mosson,Hakim Ben El Hadj Salem,Match Report,
333,Regular season,30.0,Sun,2021-03-21,15:00,Brest,0.6,0–0,0.8,Angers,,Stade Francis-Le Blé,Aurélien Petit,Match Report,
334,Regular season,30.0,Sun,2021-03-21,17:05,Lille,1.0,1–2,0.9,Nîmes,,Stade Pierre-Mauroy,Franck Schneider,Match Report,
335,Regular season,30.0,Sun,2021-03-21,21:00,Lyon,0.8,2–4,1.4,Paris S-G,,Groupama Stadium,Clément Turpin,Match Report,
336,,,,,,,,,,,,,,,
337,Regular season,31.0,Sat,2021-04-03,13:00,Monaco,2.4,4–0,0.3,Metz,,Stade Louis II.,Johan Hamel,Match Report,
338,Regular season,31.0,Sat,2021-04-03,17:00,Paris S-G,1.1,0–1,0.5,Lille,,Parc des Princes,Benoît Bastien,Match Report,
339,Regular season,31.0,Sat,2021-04-03,21:00,Lens,0.7,1–1,2.1,Lyon,,Stade Bollaert-Delelis,Benoît Millot,Match Report,
340,Regular season,31.0,Sun,2021-04-04,13:00,Angers,1.1,1–1,2.2,Montpellier,,Stade Raymond Kopa,Florent Batta,Match Report,
341,Regular season,31.0,Sun,2021-04-04,15:00,Nantes,1.5,1–2,2.5,Nice,,Stade de la Beaujoire - Louis Fonteneau,Stéphanie Frappart,Match Report,
342,Regular season,31.0,Sun,2021-04-04,15:00,Reims,1.0,2–2,2.3,Rennes,,Stade Auguste-Delaune II,Karim Abed,Match Report,
343,Regular season,31.0,Sun,2021-04-04,15:00,Lorient,1.5,1–0,0.7,Brest,,Stade Yves Allainmat - Le Moustoir,Bastien Dechepy,Match Report,
344,Regular season,31.0,Sun,2021-04-04,15:00,Bordeaux,1.7,2–3,2.2,Strasbourg,,Stade Matmut-Atlantique,Jérôme Brisard,Match Report,
345,Regular season,31.0,Sun,2021-04-04,17:05,Nîmes,1.7,0–2,1.7,Saint-Étienne,,Stade des Costières,Thomas Léonard,Match Report,
346,Regular season,31.0,Sun,2021-04-04,21:00,Marseille,1.3,2–0,0.1,Dijon,,Orange Vélodrome,Ruddy Buquet,Match Report,
347,,,,,,,,,,,,,,,
348,Regular season,32.0,Fri,2021-04-09,21:00,Metz,2.1,0–2,0.6,Lille,,Stade Saint-Symphorien,Clément Turpin,Match Report,
349,Regular season,32.0,Sat,2021-04-10,17:00,Strasbourg,0.9,1–4,1.9,Paris S-G,,Stade de la Meinau,Jérémie Pignard,Match Report,
350,Regular season,32.0,Sat,2021-04-10,21:00,Montpellier,2.3,3–3,1.6,Marseille,,Stade de la Mosson,Jérôme Brisard,Match Report,
351,Regular season,32.0,Sun,2021-04-11,13:00,Rennes,0.6,1–0,0.3,Nantes,,Roazhon Park,Amaury Delerue,Match Report,
352,Regular season,32.0,Sun,2021-04-11,15:00,Saint-Étienne,3.3,4–1,2.0,Bordeaux,,Stade Geoffroy-Guichard,Franck Schneider,Match Report,
353,Regular season,32.0,Sun,2021-04-11,15:00,Lens,3.3,4–1,2.0,Lorient,,Stade Bollaert-Delelis,Eric Wattellier,Match Report,
354,Regular season,32.0,Sun,2021-04-11,15:00,Brest,2.8,1–1,0.9,Nîmes,,Stade Francis-Le Blé,Willy Delajod,Match Report,
355,Regular season,32.0,Sun,2021-04-11,15:00,Nice,0.6,0–0,0.5,Reims,,Stade de Nice,Jeremy Stinat,Match Report,
356,Regular season,32.0,Sun,2021-04-11,17:05,Monaco,3.8,3–0,0.6,Dijon,,Stade Louis II.,Aurélien Petit,Match Report,
357,Regular season,32.0,Sun,2021-04-11,21:00,Lyon,2.6,3–0,1.2,Angers,,Groupama Stadium,Mikael Lesage,Match Report,
358,,,,,,,,,,,,,,,
359,Regular season,33.0,Fri,2021-04-16,21:00,Lille,1.3,1–1,0.9,Montpellier,,Stade Pierre-Mauroy,Benoît Millot,Match Report,
360,Regular season,33.0,Sat,2021-04-17,12:45,Angers,0.6,0–3,1.3,Rennes,,Stade Raymond Kopa,Thomas Léonard,Match Report,
361,Regular season,33.0,Sat,2021-04-17,17:00,Marseille,2.2,3–2,1.4,Lorient,,Orange Vélodrome,Hakim Ben El Hadj Salem,Match Report,
362,Regular season,33.0,Sun,2021-04-18,13:00,Paris S-G,2.2,3–2,1.2,Saint-Étienne,,Parc des Princes,Ruddy Buquet,Match Report,
363,Regular season,33.0,Sun,2021-04-18,15:00,Brest,0.4,1–1,1.3,Lens,,Stade Francis-Le Blé,Karim Abed,Match Report,
364,Regular season,33.0,Sun,2021-04-18,15:00,Dijon,1.6,2–0,0.7,Nice,,Stade Gaston Gérard,Johan Hamel,Match Report,
365,Regular season,33.0,Sun,2021-04-18,15:00,Nîmes,1.4,1–1,1.1,Strasbourg,,Stade des Costières,Antony Gautier,Match Report,
366,Regular season,33.0,Sun,2021-04-18,15:00,Reims,0.9,0–0,0.7,Metz,,Stade Auguste-Delaune II,Jérôme Miguelgorry,Match Report,
367,Regular season,33.0,Sun,2021-04-18,17:05,Bordeaux,0.8,0–3,2.1,Monaco,,Stade Matmut-Atlantique,François Letexier,Match Report,
368,Regular season,33.0,Sun,2021-04-18,21:00,Nantes,1.2,1–2,1.6,Lyon,,Stade de la Beaujoire - Louis Fonteneau,Benoît Bastien,Match Report,
369,,,,,,,,,,,,,,,
370,Regular season,34.0,Fri,2021-04-23,21:00,Reims,0.6,1–3,2.1,Marseille,,Stade Auguste-Delaune II,Eric Wattellier,Match Report,
371,Regular season,34.0,Sat,2021-04-24,13:00,Saint-Étienne,0.9,1–2,1.9,Brest,,Stade Geoffroy-Guichard,Florent Batta,Match Report,
372,Regular season,34.0,Sat,2021-04-24,17:00,Metz,0.7,1–3,2.9,Paris S-G,,Stade Saint-Symphorien,Willy Delajod,Match Report,
373,Regular season,34.0,Sun,2021-04-25,13:00,Nice,2.0,3–1,1.4,Montpellier,,Stade de Nice,Bastien Dechepy,Match Report,
374,Regular season,34.0,Sun,2021-04-25,15:00,Strasbourg,1.5,1–2,1.2,Nantes,,Stade de la Meinau,Ruddy Buquet,Match Report,
375,Regular season,34.0,Sun,2021-04-25,15:00,Rennes,3.0,5–1,1.2,Dijon,,Roazhon Park,Jeremy Stinat,Match Report,
376,Regular season,34.0,Sun,2021-04-25,15:00,Lens,0.6,2–1,1.6,Nîmes,,Stade Bollaert-Delelis,Aurélien Petit,Match Report,
377,Regular season,34.0,Sun,2021-04-25,15:00,Lorient,1.9,4–1,0.9,Bordeaux,,Stade Yves Allainmat - Le Moustoir,Jérémie Pignard,Match Report,
378,Regular season,34.0,Sun,2021-04-25,17:05,Angers,0.1,0–1,1.6,Monaco,,Stade Raymond Kopa,Hakim Ben El Hadj Salem,Match Report,
379,Regular season,34.0,Sun,2021-04-25,21:00,Lyon,1.0,2–3,1.9,Lille,,Groupama Stadium,François Letexier,Match Report,
380,,,,,,,,,,,,,,,
381,Regular season,35.0,Fri,2021-04-30,21:00,Marseille,1.0,1–1,0.4,Strasbourg,,Orange Vélodrome,Stéphanie Frappart,Match Report,
382,Regular season,35.0,Sat,2021-05-01,17:00,Paris S-G,1.4,2–1,1.6,Lens,,Parc des Princes,Jérôme Brisard,Match Report,
383,Regular season,35.0,Sat,2021-05-01,21:00,Lille,0.8,2–0,0.0,Nice,,Stade Pierre-Mauroy,Amaury Delerue,Match Report,
384,Regular season,35.0,Sun,2021-05-02,13:00,Bordeaux,0.8,1–0,0.6,Rennes,,Stade Matmut-Atlantique,Antony Gautier,Match Report,
385,Regular season,35.0,Sun,2021-05-02,15:00,Dijon,1.1,1–5,1.5,Metz,,Stade Gaston Gérard,Franck Schneider,Match Report,
386,Regular season,35.0,Sun,2021-05-02,15:00,Lorient,1.7,2–0,0.8,Angers,,Stade Yves Allainmat - Le Moustoir,Willy Delajod,Match Report,
387,Regular season,35.0,Sun,2021-05-02,15:00,Nîmes,2.5,2–2,0.8,Reims,,Stade des Costières,Benoît Millot,Match Report,
388,Regular season,35.0,Sun,2021-05-02,15:00,Brest,1.9,1–4,2.4,Nantes,,Stade Francis-Le Blé,Mikael Lesage,Match Report,
389,Regular season,35.0,Sun,2021-05-02,17:05,Montpellier,1.0,1–2,2.6,Saint-Étienne,,Stade de la Mosson,Karim Abed,Match Report,
390,Regular season,35.0,Sun,2021-05-02,21:00,Monaco,2.1,2–3,1.2,Lyon,,Stade Louis II.,Clément Turpin,Match Report,
391,,,,,,,,,,,,,,,
392,Regular season,36.0,Fri,2021-05-07,21:00,Lens,1.5,0–3,1.3,Lille,,Stade Bollaert-Delelis,Clément Turpin,Match Report,
393,Regular season,36.0,Sat,2021-05-08,13:00,Nantes,2.0,3–0,0.8,Bordeaux,,Stade de la Beaujoire - Louis Fonteneau,Benoît Millot,Match Report,
394,Regular season,36.0,Sat,2021-05-08,17:00,Lyon,4.3,4–1,0.6,Lorient,,Groupama Stadium,Mikael Lesage,Match Report,
395,Regular season,36.0,Sun,2021-05-09,13:00,Saint-Étienne,1.4,1–0,1.6,Marseille,,Stade Geoffroy-Guichard,Johan Hamel,Match Report,
396,Regular season,36.0,Sun,2021-05-09,15:00,Nice,2.9,3–2,0.9,Brest,,Stade de Nice,Thomas Léonard,Match Report,
397,Regular season,36.0,Sun,2021-05-09,15:00,Angers,1.9,3–0,0.3,Dijon,,Stade Raymond Kopa,Jérôme Brisard,Match Report,
398,Regular season,36.0,Sun,2021-05-09,15:00,Strasbourg,1.8,2–3,0.7,Montpellier,,Stade de la Meinau,Jérôme Miguelgorry,Match Report,
399,Regular season,36.0,Sun,2021-05-09,15:00,Metz,0.7,0–3,1.9,Nîmes,,Stade Saint-Symphorien,François Letexier,Match Report,
400,Regular season,36.0,Sun,2021-05-09,17:05,Reims,0.4,0–1,0.9,Monaco,,Stade Auguste-Delaune II,Antony Gautier,Match Report,
401,Regular season,36.0,Sun,2021-05-09,21:00,Rennes,1.0,1–1,1.6,Paris S-G,,Roazhon Park,Ruddy Buquet,Match Report,
402,,,,,,,,,,,,,,,
403,Regular season,37.0,Sun,2021-05-16,21:00,Montpellier,0.6,0–0,1.5,Brest,,Stade de la Mosson,Aurélien Petit,Match Report,
404,Regular season,37.0,Sun,2021-05-16,21:00,Monaco,1.4,2–1,0.4,Rennes,,Stade Louis II.,Benoît Bastien,Match Report,
405,Regular season,37.0,Sun,2021-05-16,21:00,Dijon,1.1,0–4,1.9,Nantes,,Stade Gaston Gérard,Karim Abed,Match Report,
406,Regular season,37.0,Sun,2021-05-16,21:00,Nice,0.9,0–2,1.9,Strasbourg,,Stade de Nice,Mikael Lesage,Match Report,
407,Regular season,37.0,Sun,2021-05-16,21:00,Lorient,1.4,2–1,0.1,Metz,,Stade Yves Allainmat - Le Moustoir,Florent Batta,Match Report,
408,Regular season,37.0,Sun,2021-05-16,21:00,Bordeaux,2.5,3–0,1.3,Lens,,Stade Matmut-Atlantique,Eric Wattellier,Match Report,
409,Regular season,37.0,Sun,2021-05-16,21:00,Paris S-G,3.6,4–0,0.1,Reims,,Parc des Princes,Clément Turpin,Match Report,
410,Regular season,37.0,Sun,2021-05-16,21:00,Nîmes,1.0,2–5,2.4,Lyon,,Stade des Costières,Ruddy Buquet,Match Report,
411,Regular season,37.0,Sun,2021-05-16,21:00,Lille,1.0,0–0,0.4,Saint-Étienne,,Stade Pierre-Mauroy,Jérôme Brisard,Match Report,
412,Regular season,37.0,Sun,2021-05-16,21:00,Marseille,2.4,3–2,1.7,Angers,,Orange Vélodrome,Franck Schneider,Match Report,
413,,,,,,,,,,,,,,,
414,Regular season,38.0,Sun,2021-05-23,21:00,Reims,1.0,1–2,1.1,Bordeaux,,Stade Auguste-Delaune II,Jérôme Brisard,Match Report,
415,Regular season,38.0,Sun,2021-05-23,21:00,Nantes,1.8,1–2,1.1,Montpellier,,Stade de la Beaujoire - Louis Fonteneau,Ruddy Buquet,Match Report,
416,Regular season,38.0,Sun,2021-05-23,21:00,Angers,0.6,1–2,1.6,Lille,,Stade Raymond Kopa,Benoît Bastien,Match Report,
417,Regular season,38.0,Sun,2021-05-23,21:00,Strasbourg,0.3,1–1,0.4,Lorient,,Stade de la Meinau,Stéphanie Frappart,Match Report,
418,Regular season,38.0,Sun,2021-05-23,21:00,Metz,1.1,1–1,1.3,Marseille,,Stade Saint-Symphorien,Hakim Ben El Hadj Salem,Match Report,
419,Regular season,38.0,Sun,2021-05-23,21:00,Rennes,1.2,2–0,0.6,Nîmes,,Roazhon Park,Willy Delajod,Match Report,
420,Regular season,38.0,Sun,2021-05-23,21:00,Saint-Étienne,1.4,0–1,1.3,Dijon,,Stade Geoffroy-Guichard,Antony Gautier,Match Report,
421,Regular season,38.0,Sun,2021-05-23,21:00,Lyon,1.4,2–3,1.6,Nice,,Groupama Stadium,Benoît Millot,Match Report,
422,Regular season,38.0,Sun,2021-05-23,21:00,Lens,0.2,0–0,1.5,Monaco,,Stade Bollaert-Delelis,Jérémie Pignard,Match Report,
423,Regular season,38.0,Sun,2021-05-23,21:00,Brest,1.4,0–2,2.4,Paris S-G,,Stade Francis-Le Blé,Mikael Lesage,Match Report,
424,,,,,,,,,,,,,,,
425,French 1/2 Relegation/Promotion Playoff,,Thu,2021-05-27,20:45,Toulouse,,1–2,,Nantes,,Stadium Municipal,,Match Report,Leg 1 of 2
426,French 1/2 Relegation/Promotion Playoff,,Sun,2021-05-30,18:00,Nantes,,0–1,,Toulouse,,Stade de la Beaujoire - Louis Fonteneau,,Match Report,Leg 2 of 2; Nantes won
