,Season,Rank,Squad,MP,W,D,L,GF,GA,GD,Pts,xG,xGA,xGD,xGD/90,Attendance,Top Team Scorer,Goalkeeper,League
0,2017-2018,W,Real Madrid,13.0,9.0,2.0,2.0,33.0,16.0,17.0,29.0,33.0,20.0,13.1,1.01,75398.0,Cristiano Ronaldo - 15,Keylor Navas,UEFA
1,2017-2018,F,Liverpool,13.0,7.0,4.0,2.0,41.0,16.0,25.0,25.0,33.0,13.2,19.7,1.52,49960.0,"Roberto Firmino, Sadio Mané... - 10",Loris Karius,UEFA
2,2017-2018,SF,Bayern Munich,12.0,8.0,2.0,2.0,26.0,12.0,14.0,26.0,27.4,14.2,13.2,1.1,70000.0,Robert Lewandowski - 5,Sven Ulreich,UEFA
3,2017-2018,SF,Roma,12.0,6.0,2.0,4.0,21.0,19.0,2.0,20.0,19.1,18.2,0.9,0.07,48587.0,Edin Džeko - 8,Alisson,UEFA
4,2017-2018,QF,Barcelona,10.0,6.0,3.0,1.0,17.0,6.0,11.0,21.0,13.7,8.9,4.8,0.48,73861.0,Lionel Messi - 6,Marc-André ter Stegen,UEFA
5,2017-2018,QF,Manchester City,10.0,6.0,0.0,4.0,20.0,12.0,8.0,18.0,15.7,11.0,4.6,0.46,48050.0,"Gabriel Jesus, Raheem Sterling... - 4",Ederson,UEFA
6,2017-2018,QF,Juventus,10.0,5.0,3.0,2.0,14.0,12.0,2.0,18.0,16.9,13.6,3.3,0.33,38541.0,Gonzalo Higuaín - 5,Gianluigi Buffon,UEFA
7,2017-2018,QF,Sevilla,10.0,3.0,5.0,2.0,15.0,15.0,0.0,14.0,16.1,13.9,2.2,0.22,38512.0,Wissam Ben Yedder - 8,Sergio Rico,UEFA
8,2017-2018,R16,Tottenham,8.0,5.0,2.0,1.0,18.0,8.0,10.0,17.0,13.1,12.6,0.5,0.06,69454.0,Harry Kane - 7,Hugo Lloris,UEFA
9,2017-2018,R16,Manchester Utd,8.0,5.0,1.0,2.0,13.0,5.0,8.0,16.0,18.0,8.2,9.8,1.23,74467.0,Romelu Lukaku - 5,David de Gea,UEFA
10,2017-2018,R16,Paris S-G,8.0,5.0,0.0,3.0,27.0,9.0,18.0,15.0,17.2,9.5,7.7,0.96,46382.0,Edinson Cavani - 7,Alphonse Areola,UEFA
11,2017-2018,R16,Basel,8.0,5.0,0.0,3.0,13.0,10.0,3.0,15.0,10.4,10.7,-0.3,-0.04,34854.0,Dimitri Oberlin - 4,Tomáš Vaclík,UEFA
12,2017-2018,R16,Shakhtar,8.0,5.0,0.0,3.0,11.0,11.0,0.0,15.0,9.9,13.7,-3.8,-0.48,33652.0,"Facundo Ferreyra, Bernard - 3",Andriy Pyatov,UEFA
13,2017-2018,R16,Beşiktaş,8.0,4.0,2.0,2.0,12.0,13.0,-1.0,14.0,8.6,15.1,-6.5,-0.81,37448.0,"Talisca, Cenk Tosun - 4",Fabricio,UEFA
14,2017-2018,R16,Chelsea,8.0,3.0,3.0,2.0,17.0,12.0,5.0,12.0,15.5,7.7,7.8,0.97,40218.0,"Eden Hazard, Willian - 3",Thibaut Courtois,UEFA
15,2017-2018,R16,Porto,8.0,3.0,2.0,3.0,15.0,15.0,0.0,11.0,10.9,11.2,-0.3,-0.04,43568.0,Vincent Aboubakar - 5,José Sá,UEFA
16,2017-2018,GR,CSKA Moscow,6.0,3.0,0.0,3.0,8.0,10.0,-2.0,9.0,5.7,12.9,-7.2,-1.2,28259.0,Vitinho - 2,Igor Akinfeev,UEFA
17,2017-2018,GR,Atlético Madrid,6.0,1.0,4.0,1.0,5.0,4.0,1.0,7.0,11.3,6.9,4.4,0.74,57596.0,Antoine Griezmann - 2,Jan Oblak,UEFA
18,2017-2018,GR,RB Leipzig,6.0,2.0,1.0,3.0,10.0,11.0,-1.0,7.0,9.6,7.7,2.0,0.33,41374.0,Timo Werner - 3,Péter Gulácsi,UEFA
19,2017-2018,GR,Sporting CP,6.0,2.0,1.0,3.0,8.0,9.0,-1.0,7.0,7.3,7.1,0.2,0.04,46515.0,"Bas Dost, Bruno César - 2",Rui Patrício,UEFA
20,2017-2018,GR,Napoli,6.0,2.0,0.0,4.0,11.0,11.0,0.0,6.0,10.1,8.2,1.8,0.31,25878.0,Lorenzo Insigne - 3,Pepe Reina,UEFA
21,2017-2018,GR,Spartak Moscow,6.0,1.0,3.0,2.0,9.0,13.0,-4.0,6.0,6.8,11.4,-4.6,-0.77,43534.0,"Quincy Promes, Zé Luís - 2",Aleksandr Selikhov,UEFA
22,2017-2018,GR,Feyenoord,6.0,1.0,0.0,5.0,5.0,14.0,-9.0,3.0,5.4,8.6,-3.3,-0.54,41167.0,Nicolai Jørgensen - 2,Brad Jones,UEFA
23,2017-2018,GR,Celtic,6.0,1.0,0.0,5.0,5.0,18.0,-13.0,3.0,4.7,10.5,-5.7,-0.96,57921.0,"Scott Sinclair, Callum McGregor... - 1",Craig Gordon,UEFA
24,2017-2018,GR,NK Maribor,6.0,0.0,3.0,3.0,3.0,16.0,-13.0,3.0,4.1,16.1,-12.0,-1.99,12349.0,"Damjan Bohar, Marcos Tavares... - 1",Jasmin Handanović,UEFA
25,2017-2018,GR,Anderlecht,6.0,1.0,0.0,5.0,2.0,17.0,-15.0,3.0,5.4,14.2,-8.8,-1.47,19586.0,Sofiane Hanni - 1,"Frank Boeckx, Matz Sels",UEFA
26,2017-2018,GR,Dortmund,6.0,0.0,2.0,4.0,7.0,13.0,-6.0,2.0,9.6,9.8,-0.2,-0.04,65402.0,Pierre-Emerick Aubameyang - 4,Roman Bürki,UEFA
27,2017-2018,GR,Monaco,6.0,0.0,2.0,4.0,6.0,16.0,-10.0,2.0,5.9,9.7,-3.8,-0.63,9378.0,Radamel Falcao - 3,"Danijel Subašić, Diego Benaglio",UEFA
28,2017-2018,GR,Qarabağ FK,6.0,0.0,2.0,4.0,2.0,14.0,-12.0,2.0,2.4,14.8,-12.4,-2.06,60741.0,"Míchel, Pedro Henrique - 1",Ibrahim Šehić,UEFA
29,2017-2018,GR,APOEL FC,6.0,0.0,2.0,4.0,2.0,17.0,-15.0,2.0,3.9,16.5,-12.7,-2.11,17211.0,Mickaël Poté - 2,Nauzet Pérez,UEFA
30,2017-2018,GR,Olympiacos,6.0,0.0,1.0,5.0,4.0,13.0,-9.0,1.0,3.4,13.8,-10.3,-1.72,30445.0,Felipe Pardo - 2,Silvio Proto,UEFA
31,2017-2018,GR,Benfica,6.0,0.0,0.0,6.0,1.0,14.0,-13.0,0.0,6.2,10.4,-4.2,-0.69,39492.0,Haris Seferović - 1,Mile Svilar,UEFA
32,2018-2019,W,Liverpool,13.0,8.0,1.0,4.0,24.0,12.0,12.0,25.0,28.3,13.9,14.4,1.11,52907.0,Mohamed Salah - 5,Alisson,UEFA
33,2018-2019,F,Tottenham,13.0,6.0,2.0,5.0,20.0,19.0,1.0,20.0,20.5,16.1,4.4,0.34,62947.0,"Harry Kane, Lucas Moura - 5",Hugo Lloris,UEFA
34,2018-2019,SF,Barcelona,12.0,8.0,3.0,1.0,26.0,10.0,16.0,27.0,23.1,14.4,8.6,0.72,86178.0,Lionel Messi - 12,Marc-André ter Stegen,UEFA
35,2018-2019,SF,Ajax,12.0,6.0,4.0,2.0,22.0,13.0,9.0,22.0,22.3,17.8,4.5,0.38,52056.0,Dušan Tadić - 6,André Onana,UEFA
36,2018-2019,QF,Manchester City,10.0,7.0,1.0,2.0,30.0,12.0,18.0,22.0,22.9,10.1,12.8,1.28,49535.0,Sergio Agüero - 6,Ederson,UEFA
37,2018-2019,QF,Porto,10.0,6.0,1.0,3.0,20.0,15.0,5.0,19.0,16.9,19.4,-2.5,-0.25,43415.0,Moussa Marega - 6,Iker Casillas,UEFA
38,2018-2019,QF,Juventus,10.0,5.0,1.0,4.0,14.0,9.0,5.0,16.0,18.9,10.1,8.8,0.88,40766.0,Cristiano Ronaldo - 6,Wojciech Szczęsny,UEFA
39,2018-2019,QF,Manchester Utd,10.0,4.0,1.0,5.0,10.0,11.0,-1.0,13.0,10.4,13.7,-3.2,-0.32,73708.0,"Romelu Lukaku, Paul Pogba... - 2",David de Gea,UEFA
40,2018-2019,R16,Atlético Madrid,8.0,5.0,1.0,2.0,11.0,9.0,2.0,16.0,8.1,9.1,-1.0,-0.12,60068.0,Antoine Griezmann - 4,Jan Oblak,UEFA
41,2018-2019,R16,Bayern Munich,8.0,4.0,3.0,1.0,16.0,8.0,8.0,15.0,14.7,9.3,5.4,0.68,69536.0,Robert Lewandowski - 8,Manuel Neuer,UEFA
42,2018-2019,R16,Real Madrid,8.0,5.0,0.0,3.0,15.0,10.0,5.0,15.0,16.9,10.8,6.1,0.76,66314.0,Karim Benzema - 4,Thibaut Courtois,UEFA
43,2018-2019,R16,Paris S-G,8.0,4.0,2.0,2.0,20.0,12.0,8.0,14.0,16.9,10.5,6.4,0.8,45144.0,Neymar - 5,Gianluigi Buffon,UEFA
44,2018-2019,R16,Dortmund,8.0,4.0,1.0,3.0,10.0,6.0,4.0,13.0,12.2,6.8,5.5,0.68,66099.0,Raphaël Guerreiro - 4,Roman Bürki,UEFA
45,2018-2019,R16,Roma,8.0,4.0,0.0,4.0,14.0,12.0,2.0,12.0,15.0,14.0,1.0,0.12,49525.0,Edin Džeko - 5,Robin Olsen,UEFA
46,2018-2019,R16,Schalke 04,8.0,3.0,2.0,3.0,8.0,14.0,-6.0,11.0,10.5,11.9,-1.4,-0.17,50949.0,Nabil Bentaleb - 3,Ralf Fährmann,UEFA
47,2018-2019,R16,Lyon,8.0,1.0,6.0,1.0,13.0,16.0,-3.0,9.0,12.3,17.2,-5.0,-0.62,41945.0,"Nabil Fekir, Maxwel Cornet - 3",Anthony Lopes,UEFA
48,2018-2019,GR,Napoli,6.0,2.0,3.0,1.0,7.0,5.0,2.0,9.0,10.9,6.5,4.4,0.73,45672.0,"Lorenzo Insigne, Dries Mertens - 3",David Ospina,UEFA
49,2018-2019,GR,Valencia,6.0,2.0,2.0,2.0,6.0,6.0,0.0,8.0,6.9,11.1,-4.2,-0.7,39697.0,"Santi Mina, Carlos Soler - 2",Neto,UEFA
50,2018-2019,GR,Inter,6.0,2.0,2.0,2.0,6.0,7.0,-1.0,8.0,8.6,7.8,0.8,0.13,65857.0,Mauro Icardi - 4,Samir Handanović,UEFA
51,2018-2019,GR,CSKA Moscow,6.0,2.0,1.0,3.0,8.0,9.0,-1.0,7.0,6.9,11.6,-4.8,-0.79,63052.0,Nikola Vlašić - 3,Igor Akinfeev,UEFA
52,2018-2019,GR,Benfica,6.0,2.0,1.0,3.0,6.0,11.0,-5.0,7.0,6.2,10.7,-4.5,-0.75,48412.0,Álex Grimaldo - 2,Odisseas Vlachodimos,UEFA
53,2018-2019,GR,Viktoria Plzeň,6.0,2.0,1.0,3.0,7.0,16.0,-9.0,7.0,7.8,12.3,-4.5,-0.75,11337.0,Michal Krmenčík - 2,Aleš Hruška,UEFA
54,2018-2019,GR,Club Brugge,6.0,1.0,3.0,2.0,6.0,5.0,1.0,6.0,5.4,6.3,-0.9,-0.15,24928.0,"Hans Vanaken, Wesley Moraes - 2","Ethan Horvath, Karlo Letica",UEFA
55,2018-2019,GR,Shakhtar,6.0,1.0,3.0,2.0,8.0,16.0,-8.0,6.0,6.9,13.2,-6.3,-1.04,34786.0,Júnior Moraes - 3,Andriy Pyatov,UEFA
56,2018-2019,GR,Galatasaray,6.0,1.0,1.0,4.0,5.0,8.0,-3.0,4.0,9.9,9.6,0.2,0.04,41394.0,Eren Derdiyok - 2,Fernando Muslera,UEFA
57,2018-2019,GR,Young Boys,6.0,1.0,1.0,4.0,4.0,12.0,-8.0,4.0,6.5,11.5,-5.0,-0.83,30785.0,Guillaume Hoarau - 3,David von Ballmoos,UEFA
58,2018-2019,GR,Red Star,6.0,1.0,1.0,4.0,5.0,17.0,-12.0,4.0,2.9,19.4,-16.6,-2.76,49596.0,Milan Pavkov - 2,Milan Borjan,UEFA
59,2018-2019,GR,Hoffenheim,6.0,0.0,3.0,3.0,11.0,14.0,-3.0,3.0,11.1,12.3,-1.2,-0.21,23972.0,Andrej Kramarić - 5,Oliver Baumann,UEFA
60,2018-2019,GR,Loko Moscow,6.0,1.0,0.0,5.0,4.0,12.0,-8.0,3.0,6.6,9.2,-2.5,-0.42,17181.0,"Vladislav Ignatyev, Anton Miranchuk... - 1",Guilherme Marinato,UEFA
61,2018-2019,GR,PSV Eindhoven,6.0,0.0,2.0,4.0,6.0,13.0,-7.0,2.0,7.1,13.9,-6.8,-1.13,34783.0,Luuk de Jong - 3,Jeroen Zoet,UEFA
62,2018-2019,GR,Monaco,6.0,0.0,1.0,5.0,2.0,14.0,-12.0,1.0,5.1,11.0,-5.9,-0.99,9218.0,"Samuel Grandsir, Moussa Sylla - 1",Diego Benaglio,UEFA
63,2018-2019,GR,AEK Athens,6.0,0.0,0.0,6.0,2.0,13.0,-11.0,0.0,4.7,11.9,-7.2,-1.2,39377.0,Viktor Klonaridis - 2,Vasilios Barkas,UEFA
64,2019-2020,W,Bayern Munich,11.0,11.0,0.0,0.0,43.0,8.0,35.0,33.0,35.5,10.2,25.3,2.3,50000.0,Robert Lewandowski - 15,Manuel Neuer,UEFA
65,2019-2020,F,Paris S-G,11.0,8.0,1.0,2.0,25.0,6.0,19.0,25.0,26.2,12.3,13.9,1.27,28058.0,"Mauro Icardi, Kylian Mbappé - 5",Keylor Navas,UEFA
66,2019-2020,SF,RB Leipzig,10.0,6.0,2.0,2.0,16.0,12.0,4.0,20.0,18.0,13.0,5.0,0.5,32347.0,"Timo Werner, Marcel Sabitzer... - 4",Péter Gulácsi,UEFA
67,2019-2020,SF,Lyon,10.0,4.0,2.0,4.0,14.0,14.0,0.0,14.0,12.7,18.4,-5.7,-0.57,41780.0,Memphis - 6,Anthony Lopes,UEFA
68,2019-2020,QF,Manchester City,9.0,6.0,2.0,1.0,21.0,9.0,12.0,20.0,25.1,7.9,17.2,1.91,37594.0,"Raheem Sterling, Gabriel Jesus - 6",Ederson,UEFA
69,2019-2020,QF,Barcelona,9.0,5.0,3.0,1.0,15.0,14.0,1.0,18.0,14.4,17.9,-3.5,-0.39,60809.0,Luis Suárez - 5,Marc-André ter Stegen,UEFA
70,2019-2020,QF,Atlético Madrid,9.0,5.0,1.0,3.0,13.0,9.0,4.0,16.0,15.3,9.1,6.1,0.68,62232.0,"Álvaro Morata, João Félix - 3",Jan Oblak,UEFA
71,2019-2020,QF,Atalanta,9.0,4.0,1.0,4.0,17.0,18.0,-1.0,13.0,17.7,18.9,-1.2,-0.14,32770.0,Josip Iličić - 5,Pierluigi Gollini,UEFA
72,2019-2020,R16,Juventus,8.0,6.0,1.0,1.0,14.0,6.0,8.0,19.0,12.0,10.9,1.2,0.15,28390.0,Cristiano Ronaldo - 4,Wojciech Szczęsny,UEFA
73,2019-2020,R16,Napoli,8.0,3.0,4.0,1.0,13.0,8.0,5.0,13.0,14.9,11.0,3.9,0.48,34598.0,Dries Mertens - 6,Alex Meret,UEFA
74,2019-2020,R16,Liverpool,8.0,4.0,1.0,3.0,15.0,12.0,3.0,13.0,16.2,8.8,7.4,0.92,52312.0,Mohamed Salah - 4,Alisson,UEFA
75,2019-2020,R16,Dortmund,8.0,4.0,1.0,3.0,10.0,11.0,-1.0,13.0,14.4,13.1,1.4,0.17,65844.0,Achraf Hakimi - 4,Roman Bürki,UEFA
76,2019-2020,R16,Real Madrid,8.0,3.0,2.0,3.0,16.0,12.0,4.0,11.0,16.6,13.7,2.8,0.36,70438.0,Karim Benzema - 5,Thibaut Courtois,UEFA
77,2019-2020,R16,Valencia,8.0,3.0,2.0,3.0,13.0,15.0,-2.0,11.0,14.7,15.7,-1.0,-0.13,31599.0,"Rodrigo, Denis Cheryshev... - 2",Jasper Cillessen,UEFA
78,2019-2020,R16,Chelsea,8.0,3.0,2.0,3.0,12.0,16.0,-4.0,11.0,17.5,12.7,4.7,0.59,38845.0,Tammy Abraham - 3,Kepa Arrizabalaga,UEFA
79,2019-2020,R16,Tottenham,8.0,3.0,1.0,4.0,18.0,18.0,0.0,10.0,14.5,11.2,3.3,0.42,57247.0,Harry Kane - 6,"Hugo Lloris, Paulo Gazzaniga",UEFA
80,2019-2020,GR,Ajax,6.0,3.0,1.0,2.0,12.0,6.0,6.0,10.0,7.5,13.8,-6.3,-1.05,51951.0,Quincy Promes - 4,André Onana,UEFA
81,2019-2020,GR,RB Salzburg,6.0,2.0,1.0,3.0,16.0,13.0,3.0,7.0,13.7,11.9,1.8,0.3,29520.0,Erling Haaland - 8,Cican Stankovic,UEFA
82,2019-2020,GR,Inter,6.0,2.0,1.0,3.0,10.0,9.0,1.0,7.0,10.0,10.3,-0.3,-0.05,62540.0,Lautaro Martínez - 5,Samir Handanović,UEFA
83,2019-2020,GR,Benfica,6.0,2.0,1.0,3.0,10.0,11.0,-1.0,7.0,8.1,9.4,-1.3,-0.22,46576.0,Pizzi - 3,Odisseas Vlachodimos,UEFA
84,2019-2020,GR,Zenit,6.0,2.0,1.0,3.0,7.0,9.0,-2.0,7.0,6.1,9.5,-3.3,-0.55,51106.0,"Sardar Azmoun, Artem Dzyuba - 2",Mikhail Kerzhakov,UEFA
85,2019-2020,GR,Leverkusen,6.0,2.0,0.0,4.0,5.0,9.0,-4.0,6.0,6.7,6.8,0.0,-0.01,28098.0,"Sven Bender, Kevin Volland - 1",Lukáš Hrádecký,UEFA
86,2019-2020,GR,Shakhtar,6.0,1.0,3.0,2.0,8.0,13.0,-5.0,6.0,8.3,13.1,-4.8,-0.81,28246.0,"Júnior Moraes, Manor Solomon - 2",Andriy Pyatov,UEFA
87,2019-2020,GR,Dinamo Zagreb,6.0,1.0,2.0,3.0,10.0,13.0,-3.0,5.0,7.5,16.3,-8.8,-1.46,28855.0,Mislav Oršić - 4,Dominik Livaković,UEFA
88,2019-2020,GR,Olympiacos,6.0,1.0,1.0,4.0,8.0,14.0,-6.0,4.0,7.9,12.1,-4.3,-0.71,31523.0,Youssef El-Arabi - 3,José Sá,UEFA
89,2019-2020,GR,Loko Moscow,6.0,1.0,0.0,5.0,4.0,11.0,-7.0,3.0,6.0,13.1,-7.0,-1.17,26557.0,Aleksei Miranchuk - 2,Guilherme Marinato,UEFA
90,2019-2020,GR,Club Brugge,6.0,0.0,3.0,3.0,4.0,12.0,-8.0,3.0,7.4,10.4,-3.0,-0.51,26957.0,Emmanuel Dennis - 2,Simon Mignolet,UEFA
91,2019-2020,GR,Red Star,6.0,1.0,0.0,5.0,3.0,20.0,-17.0,3.0,4.0,19.8,-15.8,-2.64,43263.0,"Richmond Boakye, Nemanja Milunović... - 1",Milan Borjan,UEFA
92,2019-2020,GR,Slavia Prague,6.0,0.0,2.0,4.0,4.0,10.0,-6.0,2.0,9.4,12.2,-2.8,-0.46,19303.0,Tomáš Souček - 2,Ondřej Kolář,UEFA
93,2019-2020,GR,Galatasaray,6.0,0.0,2.0,4.0,1.0,14.0,-13.0,2.0,4.2,16.4,-12.2,-2.03,43306.0,Adem Büyük - 1,Fernando Muslera,UEFA
94,2019-2020,GR,Lille,6.0,0.0,1.0,5.0,4.0,14.0,-10.0,1.0,8.8,10.1,-1.3,-0.22,48208.0,Victor Osimhen - 2,Mike Maignan,UEFA
95,2019-2020,GR,Genk,6.0,0.0,1.0,5.0,5.0,20.0,-15.0,1.0,6.9,18.2,-11.3,-1.88,18957.0,Mbwana Samatta - 3,Gaëtan Coucke,UEFA
96,2020-2021,W,Chelsea,13.0,9.0,3.0,1.0,23.0,4.0,19.0,30.0,26.0,9.0,17.0,1.31,333.0,Olivier Giroud - 6,Edouard Mendy,UEFA
97,2020-2021,F,Manchester City,13.0,11.0,1.0,1.0,25.0,5.0,20.0,34.0,22.5,7.2,15.3,1.18,2016.0,"Riyad Mahrez, Ferrán Torres - 4",Ederson,UEFA
98,2020-2021,SF,Real Madrid,12.0,6.0,3.0,3.0,19.0,14.0,5.0,21.0,19.2,15.6,3.7,0.3,,Karim Benzema - 6,Thibaut Courtois,UEFA
99,2020-2021,SF,Paris S-G,12.0,6.0,1.0,5.0,22.0,15.0,7.0,19.0,21.4,18.8,2.6,0.22,,Kylian Mbappé - 8,Keylor Navas,UEFA
100,2020-2021,QF,Bayern Munich,10.0,8.0,1.0,1.0,27.0,10.0,17.0,25.0,21.8,14.0,7.8,0.78,,Robert Lewandowski - 5,Manuel Neuer,UEFA
101,2020-2021,QF,Liverpool,10.0,6.0,2.0,2.0,15.0,6.0,9.0,20.0,14.7,13.9,0.8,0.08,,Mohamed Salah - 6,Alisson,UEFA
102,2020-2021,QF,Porto,10.0,6.0,1.0,3.0,15.0,9.0,6.0,19.0,12.5,15.1,-2.6,-0.26,490.0,Sérgio Oliveira - 5,Agustín Marchesín,UEFA
103,2020-2021,QF,Dortmund,10.0,5.0,2.0,3.0,19.0,13.0,6.0,17.0,14.4,13.6,0.8,0.08,,Erling Haaland - 10,Marwin Hitz,UEFA
104,2020-2021,R16,Juventus,8.0,6.0,0.0,2.0,18.0,8.0,10.0,18.0,15.8,9.8,6.0,0.76,,Álvaro Morata - 6,Wojciech Szczęsny,UEFA
105,2020-2021,R16,Barcelona,8.0,5.0,1.0,2.0,18.0,10.0,8.0,16.0,20.4,12.9,7.5,0.94,,Lionel Messi - 5,Marc-André ter Stegen,UEFA
106,2020-2021,R16,Sevilla,8.0,4.0,2.0,2.0,13.0,13.0,0.0,14.0,12.1,11.1,1.0,0.12,,Youssef En-Nesyri - 6,Yassine Bounou,UEFA
107,2020-2021,R16,RB Leipzig,8.0,4.0,0.0,4.0,11.0,16.0,-5.0,12.0,10.6,12.8,-2.2,-0.27,250.0,Angeliño - 3,Péter Gulácsi,UEFA
108,2020-2021,R16,Atalanta,8.0,3.0,2.0,3.0,11.0,12.0,-1.0,11.0,11.7,10.4,1.3,0.16,,"Luis Muriel, Duván Zapata - 3",Marco Sportiello,UEFA
109,2020-2021,R16,Lazio,8.0,2.0,4.0,2.0,13.0,13.0,0.0,10.0,13.1,11.6,1.5,0.19,250.0,Ciro Immobile - 5,Pepe Reina,UEFA
110,2020-2021,R16,Atlético Madrid,8.0,2.0,3.0,3.0,7.0,11.0,-4.0,9.0,9.2,10.3,-1.1,-0.14,,João Félix - 3,Jan Oblak,UEFA
111,2020-2021,R16,M'Gladbach,8.0,2.0,2.0,4.0,16.0,13.0,3.0,8.0,11.6,13.8,-2.3,-0.28,,Alassane Pléa - 5,Yann Sommer,UEFA
112,2020-2021,GR,Manchester Utd,6.0,3.0,0.0,3.0,15.0,10.0,5.0,9.0,11.5,8.4,3.1,0.51,374.0,Marcus Rashford - 6,David de Gea,UEFA
113,2020-2021,GR,Club Brugge,6.0,2.0,2.0,2.0,8.0,10.0,-2.0,8.0,8.5,9.3,-0.8,-0.13,,Hans Vanaken - 3,Simon Mignolet,UEFA
114,2020-2021,GR,Shakhtar,6.0,2.0,2.0,2.0,5.0,12.0,-7.0,8.0,4.7,11.0,-6.3,-1.05,3393.0,Manor Solomon - 2,Anatolii Trubin,UEFA
115,2020-2021,GR,Ajax,6.0,2.0,1.0,3.0,7.0,7.0,0.0,7.0,8.1,8.0,0.0,0.01,,Dušan Tadić - 2,André Onana,UEFA
116,2020-2021,GR,Inter,6.0,1.0,3.0,2.0,7.0,9.0,-2.0,6.0,8.3,6.5,1.8,0.3,333.0,Romelu Lukaku - 4,Samir Handanović,UEFA
117,2020-2021,GR,Krasnodar,6.0,1.0,2.0,3.0,6.0,11.0,-5.0,5.0,6.4,11.9,-5.5,-0.92,9948.0,Marcus Berg - 2,Matvei Safonov,UEFA
118,2020-2021,GR,RB Salzburg,6.0,1.0,1.0,4.0,10.0,17.0,-7.0,4.0,11.2,9.3,2.0,0.33,1000.0,Mergim Berisha - 4,Cican Stankovic,UEFA
119,2020-2021,GR,Dynamo Kyiv,6.0,1.0,1.0,4.0,4.0,13.0,-9.0,4.0,6.3,13.0,-6.7,-1.12,4950.0,Viktor Tsyhankov - 2,Heorhiy Bushchan,UEFA
120,2020-2021,GR,Loko Moscow,6.0,0.0,3.0,3.0,5.0,10.0,-5.0,3.0,4.9,11.1,-6.2,-1.03,7701.0,Anton Miranchuk - 3,Guilherme Marinato,UEFA
121,2020-2021,GR,Olympiacos,6.0,1.0,0.0,5.0,2.0,10.0,-8.0,3.0,4.1,9.5,-5.4,-0.9,,"Koka, Mohamed Camara - 1",José Sá,UEFA
122,2020-2021,GR,Başakşehir,6.0,1.0,0.0,5.0,7.0,18.0,-11.0,3.0,5.2,12.2,-7.0,-1.16,233.0,İrfan Kahveci - 3,Mert Günok,UEFA
123,2020-2021,GR,Marseille,6.0,1.0,0.0,5.0,2.0,13.0,-11.0,3.0,5.9,10.1,-4.3,-0.71,,Dimitri Payet - 2,Steve Mandanda,UEFA
124,2020-2021,GR,Midtjylland,6.0,0.0,2.0,4.0,4.0,13.0,-9.0,2.0,7.1,11.3,-4.2,-0.71,88.0,Alexander Scholz - 2,Jesper Hansen,UEFA
125,2020-2021,GR,Rennes,6.0,0.0,1.0,5.0,3.0,11.0,-8.0,1.0,7.6,12.4,-4.8,-0.8,1658.0,Sehrou Guirassy - 2,Alfred Gomis,UEFA
126,2020-2021,GR,Zenit,6.0,0.0,1.0,5.0,4.0,13.0,-9.0,1.0,5.6,11.3,-5.7,-0.95,14990.0,"Artem Dzyuba, Aleksandr Erokhin... - 1",Mikhail Kerzhakov,UEFA
127,2020-2021,GR,Ferencváros,6.0,0.0,1.0,5.0,5.0,17.0,-12.0,1.0,5.6,12.7,-7.1,-1.19,8234.0,Franck Boli - 2,Dénes Dibusz,UEFA
128,2021-2022,1,Real Madrid,13.0,9.0,0.0,4.0,29.0,14.0,15.0,27.0,21.7,20.8,0.8,0.06,48111.0,Karim Benzema - 15,Thibaut Courtois,UEFA
129,2021-2022,2,Liverpool,13.0,10.0,1.0,2.0,30.0,14.0,16.0,31.0,27.3,13.1,14.2,1.09,64118.0,Mohamed Salah - 8,Alisson,UEFA
130,2021-2022,SF,Manchester City,12.0,7.0,2.0,3.0,29.0,16.0,13.0,23.0,26.6,11.5,15.1,1.26,49295.0,Riyad Mahrez - 7,Ederson,UEFA
131,2021-2022,SF,Villarreal,12.0,5.0,3.0,4.0,20.0,16.0,4.0,18.0,19.4,18.6,0.9,0.07,18610.0,Arnaut Danjuma - 6,Gerónimo Rulli,UEFA
132,2021-2022,QF,Bayern Munich,10.0,7.0,2.0,1.0,31.0,7.0,24.0,23.0,26.3,7.7,18.6,1.86,34000.0,Robert Lewandowski - 13,Manuel Neuer,UEFA
133,2021-2022,QF,Chelsea,10.0,7.0,1.0,2.0,21.0,10.0,11.0,22.0,19.0,11.0,8.0,0.8,39076.0,Timo Werner - 4,Edouard Mendy,UEFA
134,2021-2022,QF,Benfica,10.0,3.0,4.0,3.0,14.0,17.0,-3.0,13.0,11.8,21.4,-9.7,-0.97,47128.0,Darwin Núñez - 6,Odisseas Vlachodimos,UEFA
135,2021-2022,QF,Atlético Madrid,10.0,3.0,3.0,4.0,9.0,10.0,-1.0,12.0,12.2,13.2,-1.1,-0.11,58158.0,Antoine Griezmann - 4,Jan Oblak,UEFA
136,2021-2022,R16,Ajax,8.0,6.0,1.0,1.0,22.0,8.0,14.0,19.0,19.0,10.0,8.9,1.12,40181.0,Sébastien Haller - 11,Remko Pasveer,UEFA
137,2021-2022,R16,Juventus,8.0,5.0,1.0,2.0,11.0,10.0,1.0,16.0,13.3,10.6,2.7,0.34,21968.0,Paulo Dybala - 3,Wojciech Szczęsny,UEFA
138,2021-2022,R16,Paris S-G,8.0,4.0,2.0,2.0,15.0,11.0,4.0,14.0,15.2,13.9,1.3,0.16,44911.0,Kylian Mbappé - 6,Gianluigi Donnarumma,UEFA
139,2021-2022,R16,Inter,8.0,4.0,1.0,3.0,9.0,7.0,2.0,13.0,12.8,7.8,5.0,0.62,41133.0,Edin Džeko - 3,Samir Handanović,UEFA
140,2021-2022,R16,Manchester Utd,8.0,3.0,3.0,2.0,12.0,10.0,2.0,12.0,9.4,10.6,-1.2,-0.15,72893.0,Cristiano Ronaldo - 6,David de Gea,UEFA
141,2021-2022,R16,Lille,8.0,3.0,2.0,3.0,8.0,8.0,0.0,11.0,10.5,7.5,2.9,0.37,37824.0,"Jonathan David, Burak Yılmaz - 3",Ivo Grbić,UEFA
142,2021-2022,R16,RB Salzburg,8.0,3.0,2.0,3.0,10.0,14.0,-4.0,11.0,12.3,12.7,-0.5,-0.06,20812.0,"Karim Adeyemi, Noah Okafor - 3",Philipp Köhn,UEFA
143,2021-2022,R16,Sporting CP,8.0,3.0,1.0,4.0,14.0,17.0,-3.0,10.0,12.2,12.7,-0.5,-0.07,37672.0,Pedro Gonçalves - 4,Antonio Adán,UEFA
144,2021-2022,GR,Dortmund,6.0,3.0,0.0,3.0,10.0,11.0,-1.0,9.0,11.5,7.6,3.8,0.64,31607.0,"Marco Reus, Donyell Malen... - 3",Gregor Kobel,UEFA
145,2021-2022,GR,RB Leipzig,6.0,2.0,1.0,3.0,15.0,14.0,1.0,7.0,13.4,11.0,2.4,0.4,21098.0,Christopher Nkunku - 7,Péter Gulácsi,UEFA
146,2021-2022,GR,Sheriff Tiraspol,6.0,2.0,1.0,3.0,7.0,11.0,-4.0,7.0,4.4,12.2,-7.9,-1.32,5689.0,"Adama Traoré, Sébastien Thill - 2",Giorgos Athanasiadis,UEFA
147,2021-2022,GR,Barcelona,6.0,2.0,1.0,3.0,2.0,9.0,-7.0,7.0,6.2,9.4,-3.2,-0.53,45092.0,"Gerard Piqué, Ansu Fati - 1",Marc-André ter Stegen,UEFA
148,2021-2022,GR,Sevilla,6.0,1.0,3.0,2.0,5.0,5.0,0.0,6.0,7.2,7.8,-0.6,-0.09,25468.0,Ivan Rakitić - 2,Yassine Bounou,UEFA
149,2021-2022,GR,Atalanta,6.0,1.0,3.0,2.0,12.0,13.0,-1.0,6.0,10.2,9.1,1.1,0.18,11556.0,Duván Zapata - 3,Juan Musso,UEFA
150,2021-2022,GR,Zenit,6.0,1.0,2.0,3.0,10.0,10.0,0.0,5.0,9.8,8.0,1.9,0.31,21135.0,"Claudinho, Sardar Azmoun - 2",Stanislav Kritsyuk,UEFA
151,2021-2022,GR,Young Boys,6.0,1.0,2.0,3.0,7.0,12.0,-5.0,5.0,7.4,10.3,-3.0,-0.5,29879.0,Jordan Pefok - 2,"Guillaume Faivre, David von Ballmoos",UEFA
152,2021-2022,GR,Wolfsburg,6.0,1.0,2.0,3.0,5.0,10.0,-5.0,5.0,4.8,11.1,-6.2,-1.04,11463.0,"Lukas Nmecha, Renato Steffen - 2",Koen Casteels,UEFA
153,2021-2022,GR,Porto,6.0,1.0,2.0,3.0,4.0,11.0,-7.0,5.0,8.0,8.8,-0.8,-0.13,31493.0,Luis Díaz - 2,Diogo Costa,UEFA
154,2021-2022,GR,Milan,6.0,1.0,1.0,4.0,6.0,9.0,-3.0,4.0,5.8,10.2,-4.5,-0.74,43762.0,"Rafael Leão, Junior Messias... - 1","Mike Maignan, Ciprian Tătărușanu",UEFA
155,2021-2022,GR,Club Brugge,6.0,1.0,1.0,4.0,6.0,20.0,-14.0,4.0,6.1,19.5,-13.4,-2.23,25511.0,Hans Vanaken - 3,Simon Mignolet,UEFA
156,2021-2022,GR,Shakhtar,6.0,0.0,2.0,4.0,2.0,12.0,-10.0,2.0,6.8,10.1,-3.3,-0.55,22349.0,Fernando - 2,Anatolii Trubin,UEFA
157,2021-2022,GR,Dynamo Kyiv,6.0,0.0,1.0,5.0,1.0,11.0,-10.0,1.0,4.2,8.9,-4.8,-0.79,27256.0,Denys Harmash - 1,Heorhiy Bushchan,UEFA
158,2021-2022,GR,Malmö,6.0,0.0,1.0,5.0,1.0,14.0,-13.0,1.0,1.6,15.1,-13.5,-2.25,13634.0,Søren Rieks - 1,Johan Dahlin,UEFA
159,2021-2022,GR,Beşiktaş,6.0,0.0,0.0,6.0,3.0,19.0,-16.0,0.0,6.2,19.7,-13.5,-2.26,19031.0,"Francisco Montero, Cyle Larin... - 1",Ersin Destanoğlu,UEFA
